-- phpMyAdmin SQL Dump
-- version 5.0.2
-- https://www.phpmyadmin.net/
--
-- Host: localhost
-- Generation Time: Jul 02, 2020 at 01:16 AM
-- Server version: 10.4.11-MariaDB
-- PHP Version: 7.4.4

SET SQL_MODE = "NO_AUTO_VALUE_ON_ZERO";
START TRANSACTION;
SET time_zone = "+00:00";


/*!40101 SET @OLD_CHARACTER_SET_CLIENT=@@CHARACTER_SET_CLIENT */;
/*!40101 SET @OLD_CHARACTER_SET_RESULTS=@@CHARACTER_SET_RESULTS */;
/*!40101 SET @OLD_COLLATION_CONNECTION=@@COLLATION_CONNECTION */;
/*!40101 SET NAMES utf8mb4 */;

--
-- Database: `mano_db`
--

-- --------------------------------------------------------

--
-- Table structure for table `admin`
--

CREATE TABLE `admin` (
  `id` int(11) NOT NULL,
  `username` varchar(20) COLLATE utf8mb4_unicode_ci NOT NULL,
  `pwd` varchar(40) COLLATE utf8mb4_unicode_ci NOT NULL,
  `name` varchar(10) COLLATE utf8mb4_unicode_ci NOT NULL,
  `created_at` datetime NOT NULL DEFAULT current_timestamp(),
  `updated_at` datetime NOT NULL DEFAULT current_timestamp() ON UPDATE current_timestamp()
) ENGINE=InnoDB DEFAULT CHARSET=utf8mb4 COLLATE=utf8mb4_unicode_ci;

--
-- Dumping data for table `admin`
--

INSERT INTO `admin` (`id`, `username`, `pwd`, `name`, `created_at`, `updated_at`) VALUES
(1, 'test', 'a94a8fe5ccb19ba61c4c0873d391e987982fbbd3', 'test', '2020-04-26 18:46:18', '2020-04-26 18:46:56');

-- --------------------------------------------------------

--
-- Table structure for table `category`
--

CREATE TABLE `category` (
  `categoryId` int(7) NOT NULL,
  `categoryName` varchar(30) COLLATE utf8mb4_unicode_ci NOT NULL,
  `categoryParentId` varchar(7) COLLATE utf8mb4_unicode_ci NOT NULL,
  `linkUrl` varchar(255) COLLATE utf8mb4_unicode_ci NOT NULL,
  `active` varchar(10) COLLATE utf8mb4_unicode_ci NOT NULL COMMENT '種類開關',
  `categoryType` varchar(10) COLLATE utf8mb4_unicode_ci NOT NULL COMMENT '種類類別',
  `created_at` datetime NOT NULL DEFAULT current_timestamp(),
  `updated_at` datetime NOT NULL DEFAULT current_timestamp() ON UPDATE current_timestamp()
) ENGINE=InnoDB DEFAULT CHARSET=utf8mb4 COLLATE=utf8mb4_unicode_ci;

--
-- Dumping data for table `category`
--

INSERT INTO `category` (`categoryId`, `categoryName`, `categoryParentId`, `linkUrl`, `active`, `categoryType`, `created_at`, `updated_at`) VALUES
(1, '所有商品', '0', '/shop', 'open', '商城', '0000-00-00 00:00:00', '2020-06-10 00:31:49'),
(3, '抹の食', '1', '/shop/cuisine', 'open', '商城', '0000-00-00 00:00:00', '2020-06-10 00:33:41'),
(4, '抹の著', '1', '/shop/clothes', 'open', '商城', '0000-00-00 00:00:00', '2020-06-10 00:33:53'),
(5, '抹の物', '1', '/shop/goods', 'open', '商城', '0000-00-00 00:00:00', '2020-06-10 00:34:00'),
(6, '食品', '3', '/shop/cuisine/food', 'open', '商城', '0000-00-00 00:00:00', '2020-06-10 00:35:09'),
(7, '飲品', '3', '/shop/cuisine/drinks', 'open', '商城', '0000-00-00 00:00:00', '2020-06-10 00:35:27'),
(8, '男性', '4', '/shop/clothes/man', 'open', '商城', '0000-00-00 00:00:00', '2020-06-10 00:35:54'),
(9, '女性', '4', '/shop/clothes/woman', 'open', '商城', '0000-00-00 00:00:00', '2020-06-10 00:36:15'),
(10, '上著♂', '8', '/shop/clothes/man/top', 'open', '商城', '0000-00-00 00:00:00', '2020-06-10 00:36:33'),
(11, '下著♂', '8', '/shop/clothes/man/bottom', 'open', '商城', '0000-00-00 00:00:00', '2020-06-10 00:36:51'),
(12, '飾品♂', '8', '/shop/clothes/man/accessory', 'open', '商城', '0000-00-00 00:00:00', '2020-06-10 00:37:28'),
(13, '上著♀', '9', '/shop/clothes/woman/top', 'open', '商城', '0000-00-00 00:00:00', '2020-06-10 00:37:43'),
(14, '下著♀', '9', '/shop/clothes/woman/bottom', 'open', '商城', '0000-00-00 00:00:00', '2020-06-10 00:37:50'),
(15, '飾品♀', '9', '/shop/clothes/woman/accessory', 'open', '商城', '0000-00-00 00:00:00', '2020-06-10 00:37:55'),
(16, '美妝護膚', '5', '/shop/goods/beauty', 'open', '商城', '0000-00-00 00:00:00', '2020-06-10 00:38:20'),
(17, '戶外用品', '5', '/shop/goods/outdoor', 'open', '商城', '0000-00-00 00:00:00', '2020-06-10 00:38:28'),
(18, '家庭用品', '5', '/shop/goods/house', 'open', '商城', '0000-00-00 00:00:00', '2020-06-10 00:38:48'),
(19, '彩妝品', '16', '/shop/goods/beauty/makeup', 'open', '商城', '0000-00-00 00:00:00', '2020-06-10 00:39:14'),
(20, '身體清潔', '16', '/shop/goods/beauty/body', 'open', '商城', '0000-00-00 00:00:00', '2020-06-10 00:39:21'),
(21, '指彩', '16', '/shop/goods/beauty/fingernail', 'open', '商城', '0000-00-00 00:00:00', '2020-06-10 00:39:56'),
(22, '髮妝', '16', '/shop/goods/beauty/hair', 'open', '商城', '0000-00-00 00:00:00', '2020-06-10 00:40:02'),
(23, '家具', '18', '/shop/goods/house/furniture', 'open', '商城', '0000-00-00 00:00:00', '2020-06-10 00:40:38'),
(24, '雜物', '18', '/shop/goods/house/others', 'open', '商城', '0000-00-00 00:00:00', '2020-06-10 00:40:48'),
(25, '免運專區', '1', '/shop/delivery-free', 'open', '商城', '0000-00-00 00:00:00', '2020-06-10 00:41:36'),
(26, '所有課程', '2', '/course', 'open', '社群', '0000-00-00 00:00:00', '2020-06-14 06:49:17'),
(27, '抹の食', '26', '/course/cuisine', 'open', '社群', '0000-00-00 00:00:00', '2020-06-11 21:28:44'),
(28, '抹の著', '26', '/course/clothes', 'open', '社群', '0000-00-00 00:00:00', '2020-06-11 21:28:57'),
(29, '抹の生活', '26', '/course/life', 'open', '社群', '0000-00-00 00:00:00', '2020-06-23 01:25:17'),
(30, '期間限定', '26', '/course/limit', 'open', '社群', '0000-00-00 00:00:00', '2020-06-11 21:29:51'),
(31, '手摘專屬體驗', '26', '/course/new', 'open', '社群', '0000-00-00 00:00:00', '2020-06-14 06:56:57'),
(32, '防疫限定', '26', '/course/anti', 'open', '社群', '0000-00-00 00:00:00', '2020-06-16 10:08:24');

-- --------------------------------------------------------

--
-- Table structure for table `comment`
--

CREATE TABLE `comment` (
  `cid` int(11) NOT NULL,
  `id` bigint(255) NOT NULL,
  `username` varchar(250) NOT NULL,
  `text` varchar(400) NOT NULL,
  `edited` tinyint(1) NOT NULL DEFAULT 0,
  `completed` tinyint(1) NOT NULL,
  `heart` int(11) NOT NULL,
  `parentReply` int(11) DEFAULT NULL,
  `commentImg` longtext NOT NULL
) ENGINE=InnoDB DEFAULT CHARSET=utf8mb4;

-- --------------------------------------------------------

--
-- Table structure for table `course`
--

CREATE TABLE `course` (
  `courseId` int(10) NOT NULL,
  `courseName` varchar(100) COLLATE utf8mb4_unicode_ci NOT NULL,
  `courseDesc` varchar(300) COLLATE utf8mb4_unicode_ci NOT NULL,
  `courseCategoryId` varchar(10) COLLATE utf8mb4_unicode_ci NOT NULL,
  `discountId` varchar(10) COLLATE utf8mb4_unicode_ci DEFAULT NULL,
  `coursePrice` int(100) NOT NULL,
  `courseImg` varchar(40) COLLATE utf8mb4_unicode_ci NOT NULL,
  `courseImg2` varchar(40) COLLATE utf8mb4_unicode_ci NOT NULL,
  `coursePeriod` varchar(100) COLLATE utf8mb4_unicode_ci NOT NULL,
  `courseLocation` varchar(10) COLLATE utf8mb4_unicode_ci NOT NULL,
  `courseTeacherId` varchar(10) COLLATE utf8mb4_unicode_ci NOT NULL,
  `orderId` varchar(10) COLLATE utf8mb4_unicode_ci DEFAULT NULL,
  `userId` varchar(20) COLLATE utf8mb4_unicode_ci DEFAULT NULL,
  `created_at` datetime NOT NULL DEFAULT current_timestamp(),
  `updated_at` datetime NOT NULL DEFAULT current_timestamp() ON UPDATE current_timestamp(),
  `shipperId` varchar(10) COLLATE utf8mb4_unicode_ci DEFAULT NULL,
  `courseRoll` varchar(10) COLLATE utf8mb4_unicode_ci DEFAULT NULL,
  `itemId` varchar(10) COLLATE utf8mb4_unicode_ci DEFAULT NULL,
  `courseQty` int(10) DEFAULT NULL
) ENGINE=InnoDB DEFAULT CHARSET=utf8mb4 COLLATE=utf8mb4_unicode_ci;

--
-- Dumping data for table `course`
--

INSERT INTO `course` (`courseId`, `courseName`, `courseDesc`, `courseCategoryId`, `discountId`, `coursePrice`, `courseImg`, `courseImg2`, `coursePeriod`, `courseLocation`, `courseTeacherId`, `orderId`, `userId`, `created_at`, `updated_at`, `shipperId`, `courseRoll`, `itemId`, `courseQty`) VALUES
(1, '抹茶茶道課', '茶道的本質，是從平凡生活中去感悟人生的哲理。而禪提倡「平常心是道」，於生活點滴中領悟宇宙規律，正與茶道相呼應。\r\n', '31', '0', 850, 'CS001-1.jpg', 'CS001-2.jpg', '2020-06-03', 'NTP', 'T001', '0', '2020-05-09', '2020-04-23 20:43:02', '2020-06-14 15:05:35', '0', '0', '0', 17),
(2, '抹茶磅蛋糕手作', '日本甜點名廚蒞臨!!一次學會最流行ins風抹茶磅蛋糕?五大經典元素?', '27', '0', 400, 'CS002-1.jpg', 'CS002-2.jpg', '2020-05-11', 'TPE', 'T002', '0', '2020-05-16', '2020-04-23 20:43:02', '2020-06-12 09:23:04', '0', '0', '0', 20),
(3, '抹茶毛巾卷', '療癒系的髒髒毛巾捲，遇上日式抹茶醬，搭配充滿濃濃香氣的千層，口感豐富滑順濃郁可口', '27', '0', 500, 'CS003-1.jpg', 'CS003-2.jpg', '2020-05-03', 'TPE', 'T002', '0', '2020-05-23', '2020-04-23 20:43:02', '2020-06-12 09:22:58', '0', '0', '0', 10),
(4, '情人節限定-抹茶巧克力手作', '巧克力基礎的調溫/免調溫差異介紹與調溫方式,小班制教學，零基礎學習一樣沒問題', '30', '0', 250, 'CS004-1.jpg', 'CS004-2.jpg', '2020-07-01', 'TPE', 'T002', '0', '2020-06-30', '2020-04-23 20:43:02', '2020-06-12 09:22:52', '0', '0', '0', 20),
(5, '端午限定-抹茶冰心粽', '嚴選日本抹茶粉、冰心麻糬皮、無添加低澱粉製作、讓你毫無負擔擁有滿滿的端午節氣氛', '30', '0', 350, 'CS005-1.jpg', 'CS005-2.jpg', '2020-06-10', 'TPE', 'T003', '0', '2020-05-10', '2020-04-23 20:43:02', '2020-06-12 09:22:46', '0', '0', '0', 20),
(6, '中秋限定-抹茶月餅手作', '抹茶控請一定要入座，抹茶最怕烘烤後跑色，只要手法對，顏色依然豔麗！日本抹茶粉帶入抹茶生乳內餡中，', '30', '0', 350, 'CS006-1.jpg', 'CS006-2.jpg', '2020-09-22', 'NTP', 'T003', '0', '2020-08-30', '2020-04-23 20:43:02', '2020-06-12 09:22:40', '0', '0', '0', 25),
(7, '冬至限定-抹茶湯圓親子手作課', '親子周末首推! 歡迎大朋友小朋友一同感受冬至氛圍', '30', '0', 250, 'CS007-1.jpg', 'CS007-2.jpg', '2020-12-06', 'NTP', 'T003', '0', '2020-12-06', '2020-04-23 20:43:02', '2020-06-12 09:22:34', '0', '0', '0', 50),
(8, 'VIP限定！新品體驗課程', '與知名抹茶主廚合作，專屬於手摘會員搶先體驗！', '31', '0', 0, 'CS008-1.jpg', 'CS008-2.jpg', '2020-05-21', 'TPE', 'T002', '0', '2020-11-17', '2020-04-23 20:43:02', '2020-06-12 09:22:28', '0', '0', '0', 10),
(9, '抹茶色穿搭', '學習抹茶色穿搭技巧：挑選適合的衣服，再融入顯瘦穿搭、約會穿搭及韓系穿搭', '28', '0', 500, 'CS009-1.jpg', 'CS009-2.jpg', '2020-08-15', 'TPE', 'T001', '0', '2020-05-03', '2020-04-23 20:43:02', '2020-06-12 09:22:21', '0', '0', '0', 20),
(10, '防疫限定!抹茶口罩套教學', '疫情蔓延醫療口罩成為相當珍貴的物資，可防止個人口沫直接弄髒醫療口罩，可稍加延長珍貴的口罩壽命', '32', '0', 250, 'CS010-1.jpg', 'CS010-2.jpg', '2020-09-25', 'NTP', 'T001', '0', '2020-05-04', '2020-04-23 20:43:02', '2020-06-12 09:22:15', '0', '0', '0', 40),
(11, 'VIP限定！新品體驗課程', '與知名抹茶主廚合作，專屬於手摘會員搶先體驗！', '31', '0', 0, 'CS011-1.jpg', 'CS011-2.jpg', '2020-10-03', 'TPE', 'T001', '0', '2020-10-14', '2020-04-23 20:43:02', '2020-06-12 09:22:09', '0', '0', '0', 10),
(12, '抹茶山登山活動', '在這登山系列課程中，我們大膽嘗試把所有課程安排到戶外教學，讓夥伴們在享受自然環境的同時，又可以學到登山技巧', '29', '0', 300, 'CS012-1.jpg', 'CS012-2.jpg', '2020-09-20', 'ILA', 'T004', '0', '2020-07-10', '2020-04-23 20:43:02', '2020-06-12 09:22:02', '0', '0', '0', 20),
(13, '抹茶主題露營', '想來一場與大自然為伍的旅行嗎？那一起入住大自然，來體驗最純粹的露營體驗之旅，夢幻露營一泊三食搭配職人體驗，感受入住大自然的美好', '29', '0', 900, 'CS013-1.jpg', 'CS013-2.jpg', '2020-08-10', 'ZMI', 'T004', '0', '2020-06-01', '2020-04-23 20:43:02', '2020-06-12 09:21:54', '0', '0', '0', 20),
(14, '防疫限定！抹茶香皂DIY', '防疫限定!!親子手工皂DIY，讓您與孩子一起學習、共同創作美的事物', '32', '0', 500, 'CS014-1.jpg', 'CS014-2.jpg', '2020-06-11', 'NTP', 'T001', '0', '2020-05-11', '2020-04-23 20:43:02', '2020-06-14 19:33:56', '0', '0', '0', 50),
(15, '防疫限定！抹茶營養學', '抹茶營養學課程，教你正確的營養學觀念，兒茶素被認為有抗癌和預防心臟病、糖尿病效果。', '32', '0', 500, 'CS015-1.jpg', 'CS015-2.jpg', '2020-07-07', 'TPE', 'T005', '0', '2020-04-22', '2020-04-23 20:43:02', '2020-06-12 09:21:35', '0', '0', '0', 50),
(16, '抹茶居家佈置', '打造清爽空間讓居家布置，透過對家飾家俱認識與各式軟材搭配，呈現居家空間氛圍。', '29', '0', 5000, 'CS016-1.jpg', 'CS016-2.jpg', '2020-07-20', 'TPE', 'T006', '0', '2020-07-01', '2020-04-23 20:43:02', '2020-06-12 09:20:48', '0', '0', '0', 50);

-- --------------------------------------------------------

--
-- Table structure for table `forget_password`
--

CREATE TABLE `forget_password` (
  `fId` int(30) NOT NULL,
  `fUrl` bigint(255) NOT NULL,
  `email` varchar(255) NOT NULL
) ENGINE=InnoDB DEFAULT CHARSET=utf8mb4;

--
-- Dumping data for table `forget_password`
--

INSERT INTO `forget_password` (`fId`, `fUrl`, `email`) VALUES
(10, 1593584182213, '0126cloud@gmail.com');

-- --------------------------------------------------------

--
-- Table structure for table `items`
--

CREATE TABLE `items` (
  `itemId` int(5) NOT NULL,
  `itemName` varchar(12) COLLATE utf8mb4_unicode_ci NOT NULL,
  `itemDescription` varchar(20) COLLATE utf8mb4_unicode_ci NOT NULL,
  `itemCategoryId` varchar(8) COLLATE utf8mb4_unicode_ci NOT NULL,
  `itemQty` tinyint(3) NOT NULL,
  `MSRP` int(5) NOT NULL,
  `itemPrice` int(5) NOT NULL,
  `itemColor` varchar(10) COLLATE utf8mb4_unicode_ci NOT NULL,
  `itemImg` varchar(50) COLLATE utf8mb4_unicode_ci NOT NULL,
  `Size` varchar(5) COLLATE utf8mb4_unicode_ci NOT NULL,
  `shippingId` varchar(5) COLLATE utf8mb4_unicode_ci NOT NULL,
  `discount` int(20) NOT NULL,
  `currentOrder` int(100) NOT NULL,
  `ranking` int(10) NOT NULL,
  `comment` int(200) NOT NULL,
  `created_at` datetime NOT NULL DEFAULT current_timestamp(),
  `updated_at` datetime NOT NULL DEFAULT current_timestamp() ON UPDATE current_timestamp()
) ENGINE=InnoDB DEFAULT CHARSET=utf8mb4 COLLATE=utf8mb4_unicode_ci;

--
-- Dumping data for table `items`
--

INSERT INTO `items` (`itemId`, `itemName`, `itemDescription`, `itemCategoryId`, `itemQty`, `MSRP`, `itemPrice`, `itemColor`, `itemImg`, `Size`, `shippingId`, `discount`, `currentOrder`, `ranking`, `comment`, `created_at`, `updated_at`) VALUES
(3, '立領排釦外套', '立領排釦外套', '13', 100, 850, 650, '#90B44B', 'CImg003.jpg', 'F', 'S002', 0, 0, 0, 0, '0000-00-00 00:00:00', '0000-00-00 00:00:00'),
(4, '補丁感羔羊毛外套', '補丁感羔羊毛外套', '10', 100, 1050, 850, '#42602D', 'CImg004.jpg', 'F', 'S002', 0, 0, 0, 0, '0000-00-00 00:00:00', '0000-00-00 00:00:00'),
(5, '立領貼身長袖毛衣', '立領貼身長袖毛衣', '10', 100, 650, 450, '#42602D', 'CImg005.jpg', 'F', 'S002', 0, 0, 0, 0, '0000-00-00 00:00:00', '0000-00-00 00:00:00'),
(6, '小立領長袖襯衫', '小立領長袖襯衫', '10', 100, 650, 450, '#42603D', 'CImg006.jpg', 'F', 'S002', 0, 0, 0, 0, '0000-00-00 00:00:00', '0000-00-00 00:00:00'),
(7, '皮革棒球外套', '皮革棒球外套', '10', 100, 990, 790, '#42604D', 'CImg007.jpg', 'F', 'S002', 0, 0, 0, 0, '0000-00-00 00:00:00', '0000-00-00 00:00:00'),
(8, '顯瘦緊身長褲', '顯瘦緊身長褲', '11', 100, 730, 530, '#42605D', 'CImg008.jpg', 'F', 'S002', 0, 0, 0, 0, '0000-00-00 00:00:00', '0000-00-00 00:00:00'),
(9, '寬鬆休閒長褲', '寬鬆休閒長褲', '14', 100, 650, 450, '#42606D', 'CImg009.jpg', 'F', 'S002', 0, 0, 0, 0, '0000-00-00 00:00:00', '0000-00-00 00:00:00'),
(10, '抹茶高筒帆布鞋', '抹茶高筒帆布鞋', '15', 100, 880, 680, '#1B813E', 'CImg010.jpg', 'F', 'S002', 0, 0, 0, 0, '0000-00-00 00:00:00', '0000-00-00 00:00:00'),
(11, '限定抹茶立體超塑口罩', '限定抹茶立體超塑口罩', '12', 100, 400, 200, '#42602D', 'CImg011.jpg', 'F', 'S002', 0, 0, 0, 0, '0000-00-00 00:00:00', '0000-00-00 00:00:00'),
(12, '夏日編織半圓手拿包', '夏日編織半圓手拿包', '15', 100, 980, 780, '#1B813E', 'CImg012.jpg', 'F', 'S002', 0, 0, 0, 0, '0000-00-00 00:00:00', '0000-00-00 00:00:00'),
(13, '可愛水桶包', '可愛水桶包', '15', 100, 850, 650, '#1B813E', 'CImg013.jpg', 'F', 'S002', 0, 0, 0, 0, '0000-00-00 00:00:00', '0000-00-00 00:00:00'),
(14, '質感皮革A字手提包', '質感皮革A字手提包', '15', 100, 1080, 880, '#90B44B', 'CImg014.jpg', 'F', 'S002', 0, 0, 0, 0, '0000-00-00 00:00:00', '0000-00-00 00:00:00'),
(15, '小眾皮革手提包', '小眾皮革手提包', '15', 100, 1080, 880, '#90B44B', 'CImg015.jpg', 'F', 'S002', 0, 0, 0, 0, '0000-00-00 00:00:00', '0000-00-00 00:00:00'),
(16, '超百搭短袖棉T', '超百搭短袖棉T', '13', 100, 650, 450, '#90B44B', 'CImg016.jpg', 'F', 'S002', 0, 0, 0, 0, '0000-00-00 00:00:00', '0000-00-00 00:00:00'),
(17, '質感V領長袖襯衫', '質感V領長袖襯衫', '13', 100, 950, 750, '#90B44B', 'CImg017.jpg', 'F', 'S002', 0, 0, 0, 0, '0000-00-00 00:00:00', '0000-00-00 00:00:00'),
(18, '休閒百搭寬褲', '休閒百搭寬褲', '14', 100, 850, 650, '#90B45B', 'CImg018.jpg', 'F', 'S002', 0, 0, 0, 0, '0000-00-00 00:00:00', '0000-00-00 00:00:00'),
(19, '抹茶限量版鞋', '抹茶限量版鞋', '15', 100, 980, 780, '#90B46B', 'CImg019.jpg', 'F', 'S002', 0, 0, 0, 0, '0000-00-00 00:00:00', '0000-00-00 00:00:00'),
(20, '花瓣短袖洋裝', '花瓣短袖洋裝', '13', 100, 850, 650, '#90B47B', 'CImg020.jpg', 'F', 'S002', 0, 0, 0, 0, '0000-00-00 00:00:00', '0000-00-00 00:00:00'),
(21, '秋冬小眾磨毛肩背包', '秋冬小眾磨毛肩背包', '15', 100, 1050, 850, '#1B813E', 'CImg021.jpg', 'F', 'S002', 0, 0, 0, 0, '0000-00-00 00:00:00', '0000-00-00 00:00:00'),
(22, '大容量通勤肩背包', '大容量通勤肩背包', '15', 100, 750, 550, '#1B814E', 'CImg022.jpg', 'F', 'S002', 0, 0, 0, 0, '0000-00-00 00:00:00', '0000-00-00 00:00:00'),
(23, '百搭舒適版鞋', '百搭舒適版鞋', '15', 100, 1050, 850, '#1B815E', 'CImg023.jpg', 'F', 'S002', 0, 0, 0, 0, '0000-00-00 00:00:00', '0000-00-00 00:00:00'),
(24, '不怕寒流長袖厚毛衣', '不怕寒流長袖厚毛衣', '13', 100, 650, 450, '#1B816E', 'CImg024.jpg', 'F', 'S002', 0, 0, 0, 0, '0000-00-00 00:00:00', '0000-00-00 00:00:00'),
(25, '氣質短袖襯衫', '氣質短袖襯衫', '13', 100, 650, 450, '#90B44B', 'CImg025.jpg', 'F', 'S002', 0, 0, 0, 0, '0000-00-00 00:00:00', '0000-00-00 00:00:00'),
(26, '無袖排釦棉麻上衣', '無袖排釦棉麻上衣', '13', 100, 660, 460, '#90B44B', 'CImg026.jpg', 'F', 'S002', 0, 0, 0, 0, '0000-00-00 00:00:00', '0000-00-00 00:00:00'),
(27, '短袖知性棉麻衫', '短袖知性棉麻衫', '13', 100, 750, 550, '#1B813E', 'CImg027.jpg', 'F', 'S002', 0, 0, 0, 0, '0000-00-00 00:00:00', '0000-00-00 00:00:00'),
(28, '質感淺抹茶皮裙', '質感淺抹茶皮裙', '14', 100, 950, 750, '#90B44B', 'CImg028.jpg', 'F', 'S002', 0, 0, 0, 0, '0000-00-00 00:00:00', '0000-00-00 00:00:00'),
(29, '中長版直筒大衣', '中長版直筒大衣', '13', 100, 990, 790, '#1B813E', 'CImg029.jpg', 'F', 'S002', 0, 0, 0, 0, '0000-00-00 00:00:00', '0000-00-00 00:00:00'),
(30, '小仙女澎澎裙', '小仙女澎澎裙', '13', 100, 1050, 850, '#90B44B', 'CImg030.jpg', 'F', 'S002', 0, 0, 0, 0, '0000-00-00 00:00:00', '0000-00-00 00:00:00'),
(31, '燈芯絨長袖外套', '燈芯絨長袖外套', '13', 100, 750, 550, '#1B813E', 'CImg031.jpg', 'F', 'S002', 0, 0, 0, 0, '0000-00-00 00:00:00', '0000-00-00 00:00:00'),
(32, '燈芯絨長袖襯衫', '燈芯絨長袖襯衫', '10', 100, 750, 550, '#42602D', 'CImg032.jpg', 'F', 'S002', 0, 0, 0, 0, '0000-00-00 00:00:00', '0000-00-00 00:00:00'),
(33, '限量幸運結繩', '限量幸運結繩', '15', 100, 550, 350, '#42602D', 'CImg033.jpg', 'F', 'S002', 0, 0, 0, 0, '0000-00-00 00:00:00', '0000-00-00 00:00:00'),
(34, '夏日修長套裝', '夏日修長套裝', '13', 100, 1150, 950, '#90B44B', 'CImg034.jpg', 'F', 'S002', 0, 0, 0, 0, '0000-00-00 00:00:00', '0000-00-00 00:00:00'),
(35, '超特別版型襯衫', '超特別版型襯衫', '13', 100, 1050, 850, '#90B44B', 'CImg035.jpg', 'F', 'S002', 0, 0, 0, 0, '0000-00-00 00:00:00', '0000-00-00 00:00:00'),
(36, '貼身短袖棉T', '貼身短袖棉T', '10', 100, 650, 450, '#42602D', 'CImg036.jpg', 'F', 'S002', 0, 0, 0, 0, '0000-00-00 00:00:00', '0000-00-00 00:00:00'),
(37, '長袖內刷毛棉T', '長袖內刷毛棉T', '10', 100, 650, 450, '#1B813E', 'CImg037.jpg', 'F', 'S002', 0, 0, 0, 0, '0000-00-00 00:00:00', '0000-00-00 00:00:00'),
(38, '型男長袖襯衫', '型男長袖襯衫', '10', 100, 840, 640, '#1B814E', 'CImg038.jpg', 'F', 'S002', 0, 0, 0, 0, '0000-00-00 00:00:00', '0000-00-00 00:00:00'),
(39, '休閒棉麻寬褲', '休閒棉麻寬褲', '11', 100, 740, 540, '#1B815E', 'CImg039.jpg', 'F', 'S002', 0, 0, 0, 0, '0000-00-00 00:00:00', '0000-00-00 00:00:00'),
(40, '休閒型男夾克', '休閒型男夾克', '10', 100, 850, 650, '#42602D', 'CImg040.jpg', 'F', 'S002', 0, 0, 0, 0, '0000-00-00 00:00:00', '0000-00-00 00:00:00'),
(41, '側開岔長袖襯衫', '側開岔長袖襯衫', '13', 100, 750, 550, '#90B44B', 'CImg041.jpg', 'F', 'S002', 0, 0, 0, 0, '0000-00-00 00:00:00', '0000-00-00 00:00:00'),
(42, '氣質A字長裙', '氣質A字長裙', '14', 100, 850, 650, '#1B813E', 'CImg042.jpg', 'F', 'S002', 0, 0, 0, 0, '0000-00-00 00:00:00', '0000-00-00 00:00:00'),
(43, '修身A字長裙', '修身A字長裙', '14', 100, 740, 540, '#90B44B', 'CImg043.jpg', 'F', 'S002', 0, 0, 0, 0, '0000-00-00 00:00:00', '0000-00-00 00:00:00'),
(44, '超可愛花瓣短裙', '超可愛花瓣短裙', '14', 100, 650, 450, '#90B44B', 'CImg044.jpg', 'F', 'S002', 0, 0, 0, 0, '0000-00-00 00:00:00', '0000-00-00 00:00:00'),
(45, '無袖綁帶點點上衣', '無袖綁帶點點上衣', '13', 100, 650, 450, '#90B44B', 'CImg045.jpg', 'F', 'S002', 0, 0, 0, 0, '0000-00-00 00:00:00', '0000-00-00 00:00:00'),
(46, '排扣V領針織衫', '排扣V領針織衫', '13', 100, 850, 650, '#1B813E', 'CImg046.jpg', 'F', 'S002', 0, 0, 0, 0, '0000-00-00 00:00:00', '0000-00-00 00:00:00'),
(47, '顯瘦綁帶包臀短裙', '顯瘦綁帶包臀短裙', '14', 100, 940, 740, '#90B44B', 'CImg047.jpg', 'F', 'S002', 0, 0, 0, 0, '0000-00-00 00:00:00', '0000-00-00 00:00:00'),
(48, '燈芯絨修身長褲', '燈芯絨修身長褲', '14', 100, 750, 550, '#90B44B', 'CImg048.jpg', 'F', 'S002', 0, 0, 0, 0, '0000-00-00 00:00:00', '0000-00-00 00:00:00'),
(49, '大容量印字帆布袋', '大容量印字帆布袋', '15', 100, 550, 350, '#90B44B', 'CImg049.jpg', 'F', 'S002', 0, 0, 0, 0, '0000-00-00 00:00:00', '0000-00-00 00:00:00'),
(50, '氣質短夾', '氣質短夾', '15', 100, 750, 550, '#1B813E', 'CImg050.jpg', 'F', 'S002', 0, 0, 0, 0, '0000-00-00 00:00:00', '0000-00-00 00:00:00'),
(51, '休閒運動小背包', '休閒運動小背包', '15', 100, 550, 350, '#1B814E', 'CImg051.jpg', 'F', 'S002', 0, 0, 0, 0, '0000-00-00 00:00:00', '0000-00-00 00:00:00'),
(52, '抹茶風可愛釣魚背芯', '抹茶風可愛釣魚背芯', '13', 100, 740, 540, '#90B44B', 'CImg052.jpg', 'F', 'S002', 0, 0, 0, 0, '0000-00-00 00:00:00', '0000-00-00 00:00:00'),
(53, '民族風棉麻長裙', '民族風棉麻長裙', '13', 100, 740, 540, '#1B813E', 'CImg053.jpg', 'F', 'S002', 0, 0, 0, 0, '0000-00-00 00:00:00', '0000-00-00 00:00:00'),
(54, '率性防風長袖上衣', '率性防風長袖上衣', '10', 100, 740, 540, '#1B814E', 'CImg054.jpg', 'F', 'S002', 0, 0, 0, 0, '0000-00-00 00:00:00', '0000-00-00 00:00:00'),
(55, '秋冬內刷毛保暖外套', '秋冬內刷毛保暖外套', '13', 100, 740, 540, '#1B815E', 'CImg055.jpg', 'F', 'S002', 0, 0, 0, 0, '0000-00-00 00:00:00', '0000-00-00 00:00:00'),
(56, '燈芯絨可愛寬鬆襯衫', '燈芯絨可愛寬鬆襯衫', '13', 100, 790, 590, '#1B816E', 'CImg056.jpg', 'F', 'S002', 0, 0, 0, 0, '0000-00-00 00:00:00', '0000-00-00 00:00:00'),
(57, '休閒長袖棉T', '休閒長袖棉T', '13', 100, 550, 350, '#1B817E', 'CImg057.jpg', 'F', 'S002', 0, 0, 0, 0, '0000-00-00 00:00:00', '0000-00-00 00:00:00'),
(58, '磨毛釣魚帽', '磨毛釣魚帽', '12', 100, 650, 450, '#42602D', 'CImg058.jpg', 'F', 'S002', 0, 0, 0, 0, '0000-00-00 00:00:00', '0000-00-00 00:00:00'),
(59, '帥氣軍雨靴', '帥氣軍雨靴', '12', 100, 950, 750, '#1B813E', 'CImg059.jpg', 'F', 'S002', 0, 0, 0, 0, '0000-00-00 00:00:00', '0000-00-00 00:00:00'),
(60, '帥氣軍雨衣', '帥氣軍雨衣', '13', 100, 750, 550, '#1B814E', 'CImg060.jpg', 'F', 'S002', 0, 0, 0, 0, '0000-00-00 00:00:00', '0000-00-00 00:00:00'),
(61, '超特別編織涼鞋', '超特別編織涼鞋', '12', 100, 750, 550, '#1B815E', 'CImg061.jpg', 'F', 'S002', 0, 0, 0, 0, '0000-00-00 00:00:00', '0000-00-00 00:00:00'),
(62, '超大容量防水後背包', '超大容量防水後背包', '12', 100, 1050, 850, '#1B816E', 'CImg062.jpg', 'F', 'S002', 0, 0, 0, 0, '0000-00-00 00:00:00', '0000-00-00 00:00:00'),
(63, '超大容量旅行後背包', '超大容量旅行後背包', '12', 100, 1050, 850, '#1B817E', 'CImg063.jpg', 'F', 'S002', 0, 0, 0, 0, '0000-00-00 00:00:00', '0000-00-00 00:00:00'),
(64, '修身格紋無袖長裙', '修身格紋無袖長裙', '13', 100, 790, 590, '#90B44B', 'CImg064.jpg', 'F', 'S002', 0, 0, 0, 0, '0000-00-00 00:00:00', '0000-00-00 00:00:00'),
(65, '超顯瘦格紋短袖長裙', '超顯瘦格紋短袖長裙', '13', 100, 790, 590, '#90B44B', 'CImg065.jpg', 'F', 'S002', 0, 0, 0, 0, '0000-00-00 00:00:00', '0000-00-00 00:00:00'),
(66, '抹茶圈圈', '抹茶甜甜圈', '6', 30, 60, 30, '#90B44B', 'FImg001.jpg', 'F', 'S002', 0, 0, 0, 0, '0000-00-00 00:00:00', '0000-00-00 00:00:00'),
(67, '抹茶西米露', '西米露', '6', 20, 120, 60, '#42602D', 'FImg002.jpg', 'F', 'S001', 0, 0, 0, 0, '0000-00-00 00:00:00', '0000-00-00 00:00:00'),
(68, '抹茶冰淇淋', '濃郁抹茶霜淇淋', '6', 10, 290, 200, '#90B44B', 'FImg003.jpg', 'F', 'S001', 0, 0, 0, 0, '0000-00-00 00:00:00', '0000-00-00 00:00:00'),
(69, 'QQ抹在心', '抹茶麻糬夾心', '6', 10, 80, 40, '#90B44B', 'FImg004.jpg', 'F', 'S001', 0, 0, 0, 0, '0000-00-00 00:00:00', '0000-00-00 00:00:00'),
(70, '抹茶奇緣', '抹茶霜淇淋', '6', 20, 60, 30, '#42602D', 'FImg005.jpg', 'F', 'S002', 0, 0, 0, 0, '0000-00-00 00:00:00', '0000-00-00 00:00:00'),
(71, '綠的派派', '抹茶甜派', '6', 30, 70, 30, '#90B44B', 'FImg006.jpg', 'F', 'S002', 0, 0, 0, 0, '0000-00-00 00:00:00', '0000-00-00 00:00:00'),
(72, '抹茶聖代義大利麵', '甜的義大利麵', '6', 8, 160, 100, '#90B44B', 'FImg007.jpg', 'F', 'S002', 0, 0, 0, 0, '0000-00-00 00:00:00', '0000-00-00 00:00:00'),
(73, '抹茶馬卡龍', '馬卡龍', '6', 60, 45, 20, '#42602D', 'FImg008.jpg', 'F', 'S002', 0, 0, 0, 0, '0000-00-00 00:00:00', '0000-00-00 00:00:00'),
(74, '抹香魚燒', '鯛魚燒', '6', 30, 80, 40, '#90B44B', 'FImg009.jpg', 'F', 'S002', 0, 0, 0, 0, '0000-00-00 00:00:00', '0000-00-00 00:00:00'),
(75, '抹茶迷宮', '鬆餅', '6', 30, 130, 80, '#42602D', 'FImg010.jpg', 'F', 'S002', 0, 0, 0, 0, '0000-00-00 00:00:00', '0000-00-00 00:00:00'),
(76, '綠之瑪德蓮', '可麗露', '6', 50, 45, 20, '#90B44B', 'FImg011.jpg', 'F', 'S002', 0, 0, 0, 0, '0000-00-00 00:00:00', '0000-00-00 00:00:00'),
(77, '抹茶的異想世界', '抹茶飲佐香草冰淇淋', '6', 50, 100, 60, '#42602D', 'FImg012.jpg', 'F', 'S001', 0, 0, 0, 0, '0000-00-00 00:00:00', '0000-00-00 00:00:00'),
(78, '抹在心裡', '抹茶流沙月餅', '6', 20, 70, 40, '#42602D', 'FImg013.jpg', 'F', 'S002', 0, 0, 0, 0, '0000-00-00 00:00:00', '0000-00-00 00:00:00'),
(79, '抹茶厚舒芙雷', '抹茶厚鬆餅', '6', 20, 240, 120, '#42602D', 'FImg014.jpg', 'F', 'S002', 0, 0, 0, 0, '0000-00-00 00:00:00', '0000-00-00 00:00:00'),
(80, '茶香磅蛋糕', '磅蛋糕佐糖霜', '6', 20, 300, 150, '#42602D', 'FImg015.jpg', 'F', 'S002', 0, 0, 0, 0, '0000-00-00 00:00:00', '0000-00-00 00:00:00'),
(81, '重抹茶杯子', '厚抹茶鮮奶油杯子蛋糕', '6', 30, 50, 30, '#42602D', 'FImg016.jpg', 'F', 'S002', 0, 0, 0, 0, '0000-00-00 00:00:00', '0000-00-00 00:00:00'),
(82, '抹茶之邱', '培茶蛋糕鮮奶油', '6', 30, 260, 120, '#42602D', 'FImg017.jpg', 'F', 'S002', 0, 0, 0, 0, '0000-00-00 00:00:00', '0000-00-00 00:00:00'),
(83, '抹茶QQ糕', '抹茶夾心麻糬蛋糕捲', '6', 20, 90, 45, '#42602D', 'FImg018.jpg', 'F', 'S001', 0, 0, 0, 0, '0000-00-00 00:00:00', '0000-00-00 00:00:00'),
(84, '抹茶糬糬', '抹茶麻糬', '6', 20, 90, 40, '#90B44B', 'FImg019.jpg', 'F', 'S002', 0, 0, 0, 0, '0000-00-00 00:00:00', '0000-00-00 00:00:00'),
(85, '抹茶白玉甜筒', '抹茶白玉紅豆霜淇淋', '6', 20, 80, 60, '#90B44B', 'FImg020.jpg', 'F', 'S001', 0, 0, 0, 0, '0000-00-00 00:00:00', '0000-00-00 00:00:00'),
(86, '抹茶富士山', '奶蓋抹茶白玉剉冰', '6', 10, 170, 90, '#90B44B', 'FImg021.jpg', 'F', 'S001', 0, 0, 0, 0, '0000-00-00 00:00:00', '0000-00-00 00:00:00'),
(87, '抹茶森林', '濃抹茶剉冰', '6', 10, 140, 75, '#42602D', 'FImg022.jpg', 'F', 'S001', 0, 0, 0, 0, '0000-00-00 00:00:00', '0000-00-00 00:00:00'),
(88, '茶香磅蛋糕', '輕抹茶磅蛋糕佐糖霜', '6', 15, 200, 120, '#90B44B', 'FImg023.jpg', 'F', 'S002', 0, 0, 0, 0, '0000-00-00 00:00:00', '0000-00-00 00:00:00'),
(89, '抹茶杯杯', '抹茶薄荷杯子蛋糕', '6', 30, 80, 35, '#90B44B', 'FImg024.jpg', 'F', 'S002', 0, 0, 0, 0, '0000-00-00 00:00:00', '0000-00-00 00:00:00'),
(90, '抹茶千層', '原味千層蛋糕配抹茶醬', '6', 10, 100, 60, '#90B44B', 'FImg025.jpg', 'F', 'S001', 0, 0, 0, 0, '0000-00-00 00:00:00', '0000-00-00 00:00:00'),
(91, '抹的起司', '重抹茶起司蛋糕', '6', 6, 240, 160, '#90B44B', 'FImg026.jpg', 'F', 'S001', 0, 0, 0, 0, '0000-00-00 00:00:00', '0000-00-00 00:00:00'),
(92, '抹茶默思', '抹茶紅豆慕斯', '6', 20, 280, 200, '#42602D', 'FImg027.jpg', 'F', 'S001', 0, 0, 0, 0, '0000-00-00 00:00:00', '0000-00-00 00:00:00'),
(93, '抹香捲心蛋糕', '抹茶捲心蛋糕', '6', 8, 200, 120, '#42602D', 'FImg028.jpg', 'F', 'S001', 0, 0, 0, 0, '0000-00-00 00:00:00', '0000-00-00 00:00:00'),
(94, '抹茶盆地', '抹茶巧克力蛋糕', '6', 5, 320, 200, '#90B44B', 'FImg029.jpg', 'F', 'S001', 0, 0, 0, 0, '0000-00-00 00:00:00', '0000-00-00 00:00:00'),
(95, '抹茶髒髒捲', '抹茶捲心髒髒蛋糕', '6', 12, 340, 160, '#42602D', 'FImg030.jpg', 'F', 'S001', 0, 0, 0, 0, '0000-00-00 00:00:00', '0000-00-00 00:00:00'),
(96, '抹茶奶油千層', '厚抹茶奶油千層', '6', 16, 300, 150, '#90B44B', 'FImg031.jpg', 'F', 'S001', 0, 0, 0, 0, '0000-00-00 00:00:00', '0000-00-00 00:00:00'),
(97, '抹茶白巧克力', '白巧克力抹茶蛋糕', '6', 7, 540, 250, '#90B44B', 'FImg032.jpg', 'F', 'S001', 0, 0, 0, 0, '0000-00-00 00:00:00', '0000-00-00 00:00:00'),
(98, '抹茶芝麻蛋糕', '芝麻OREO抹茶蛋糕', '6', 4, 620, 280, '#90B44B', 'FImg033.jpg', 'F', 'S001', 0, 0, 0, 0, '0000-00-00 00:00:00', '0000-00-00 00:00:00'),
(99, '抹茶牛角', '抹茶牛角麵包', '6', 30, 120, 50, '#90B44B', 'FImg034.jpg', 'F', 'S002', 0, 0, 0, 0, '0000-00-00 00:00:00', '0000-00-00 00:00:00'),
(100, '冰抹茶拿鐵', '抹茶鮮奶', '7', 10, 180, 120, '#1B813E', 'FImg035.jpg', 'F', 'S001', 0, 0, 0, 0, '0000-00-00 00:00:00', '0000-00-00 00:00:00'),
(101, '冰抹茶', '冰抹茶鮮奶油', '7', 10, 200, 130, '#90B44B', 'FImg036.jpg', 'F', 'S001', 0, 0, 0, 0, '0000-00-00 00:00:00', '0000-00-00 00:00:00'),
(102, '焙茶拿鐵', '冰培茶鮮奶油', '7', 10, 220, 150, '#A5A051', 'FImg037.jpg', 'F', 'S001', 0, 0, 0, 0, '0000-00-00 00:00:00', '0000-00-00 00:00:00'),
(103, '冰重抹茶', '重口味抹茶愛好', '7', 10, 220, 150, '#90B44B', 'FImg038.jpg', 'F', 'S001', 0, 0, 0, 0, '0000-00-00 00:00:00', '0000-00-00 00:00:00'),
(104, '雙茶拿鐵', '抹茶+焙茶', '7', 10, 230, 160, '#1B813E', 'FImg039.jpg', 'F', 'S001', 0, 0, 0, 0, '0000-00-00 00:00:00', '0000-00-00 00:00:00'),
(105, '珍珠抹茶拿鐵', '珍珠抹茶鮮奶', '7', 10, 200, 180, '#90B44B', 'FImg040.jpg', 'F', 'S001', 0, 0, 0, 0, '0000-00-00 00:00:00', '0000-00-00 00:00:00'),
(106, '抹茶咖啡', '抹茶搭配咖啡', '7', 30, 300, 250, '#90B44B', 'FImg041.jpg', 'F', 'S002', 0, 0, 0, 0, '0000-00-00 00:00:00', '0000-00-00 00:00:00'),
(107, '抹茶堅果拿鐵', '抹茶堅果咖啡', '7', 15, 120, 80, '#90B44B', 'FImg042.jpg', 'F', 'S001', 0, 0, 0, 0, '0000-00-00 00:00:00', '0000-00-00 00:00:00'),
(108, '熱抹茶拿鐵', '熱抹茶鮮奶', '7', 30, 150, 120, '#90B44B', 'FImg043.jpg', 'F', 'S002', 0, 0, 0, 0, '0000-00-00 00:00:00', '0000-00-00 00:00:00'),
(109, '罐裝冰抹茶拿鐵', '冰抹茶鮮奶', '7', 20, 120, 80, '#90B44B', 'FImg044.jpg', 'F', 'S001', 0, 0, 0, 0, '0000-00-00 00:00:00', '0000-00-00 00:00:00'),
(110, '清檸冰抹茶', '檸檬氣泡抹茶', '7', 20, 150, 120, '#90B44B', 'FImg045.jpg', 'F', 'S001', 0, 0, 0, 0, '0000-00-00 00:00:00', '0000-00-00 00:00:00'),
(111, '夏季抹茶派對', '繽紛抹茶飲品', '7', 20, 200, 150, '#90B44B', 'FImg046.jpg', 'F', 'S001', 0, 0, 0, 0, '0000-00-00 00:00:00', '0000-00-00 00:00:00'),
(112, '抹茶粉1', '進口抹茶粉', '7', 10, 220, 180, '#90B44B', 'FImg047.jpg', 'F', 'S002', 0, 0, 0, 0, '0000-00-00 00:00:00', '0000-00-00 00:00:00'),
(113, '抹茶粉2', '進口抹茶粉', '7', 10, 190, 160, '#90B44B', 'FImg048.jpg', 'F', 'S002', 0, 0, 0, 0, '0000-00-00 00:00:00', '0000-00-00 00:00:00'),
(114, '抹茶粉3', '有機抹茶粉', '7', 10, 250, 200, '#1B813E', 'FImg049.jpg', 'F', 'S002', 0, 0, 0, 0, '0000-00-00 00:00:00', '0000-00-00 00:00:00'),
(115, '抹茶粉4', '有機抹茶粉', '7', 10, 250, 200, '#90B44B', 'FImg050.jpg', 'F', 'S002', 0, 0, 0, 0, '0000-00-00 00:00:00', '0000-00-00 00:00:00'),
(116, '抹茶粉5', '有機抹茶粉', '7', 10, 220, 180, '#90B44B', 'FImg051.jpg', 'F', 'S002', 0, 0, 0, 0, '0000-00-00 00:00:00', '0000-00-00 00:00:00'),
(117, '抹茶粉6', '有機抹茶粉', '7', 10, 230, 200, '#90B44B', 'FImg052.jpg', 'F', 'S002', 0, 0, 0, 0, '0000-00-00 00:00:00', '0000-00-00 00:00:00'),
(118, '抹茶粉7', '進口抹茶粉', '7', 10, 240, 200, '#1B813E', 'FImg053.jpg', 'F', 'S002', 0, 0, 0, 0, '0000-00-00 00:00:00', '0000-00-00 00:00:00'),
(119, '抹茶爆米花', '抹茶風味爆米花', '6', 30, 250, 180, '#90B44B', 'FImg054.jpg', 'F', 'S002', 0, 0, 0, 0, '0000-00-00 00:00:00', '0000-00-00 00:00:00'),
(120, '茶香米果', '抹茶米果白巧克力', '6', 30, 250, 180, '#90B44B', 'FImg055.jpg', 'F', 'S002', 0, 0, 0, 0, '0000-00-00 00:00:00', '0000-00-00 00:00:00'),
(121, '抹茶小圓餅', '抹茶堅果餅乾', '6', 20, 180, 130, '#90B44B', 'FImg056.jpg', 'F', 'S002', 0, 0, 0, 0, '0000-00-00 00:00:00', '0000-00-00 00:00:00'),
(122, '綠葉餅乾', '葉型抹茶餅乾', '6', 20, 160, 120, '#90B44B', 'FImg057.jpg', 'F', 'S002', 0, 0, 0, 0, '0000-00-00 00:00:00', '0000-00-00 00:00:00'),
(123, '抹茶紅豆餅', '抹茶紅豆小甜餅', '6', 20, 100, 80, '#90B44B', 'FImg058.jpg', 'F', 'S002', 0, 0, 0, 0, '0000-00-00 00:00:00', '0000-00-00 00:00:00'),
(124, '抹茶巧克力', '抹茶堅果巧克力', '6', 20, 80, 60, '#90B44B', 'FImg059.jpg', 'F', 'S002', 0, 0, 0, 0, '0000-00-00 00:00:00', '0000-00-00 00:00:00'),
(125, '帆船餅乾', '抹茶巧克力餅乾', '6', 50, 120, 100, '#90B44B', 'FImg060.jpg', 'F', 'S002', 0, 0, 0, 0, '0000-00-00 00:00:00', '0000-00-00 00:00:00'),
(126, 'OREO抹茶夾心', '抹茶夾心巧克力餅乾', '6', 30, 100, 80, '#90B44B', 'FImg061.jpg', 'F', 'S002', 0, 0, 0, 0, '0000-00-00 00:00:00', '0000-00-00 00:00:00'),
(127, '茶香銅鑼燒', '抹茶銅鑼燒點心', '6', 20, 150, 100, '#90B44B', 'FImg062.jpg', 'F', 'S002', 0, 0, 0, 0, '0000-00-00 00:00:00', '0000-00-00 00:00:00'),
(128, '茶香乖乖', '抹茶彎型餅乾', '6', 50, 60, 45, '#90B44B', 'FImg063.jpg', 'F', 'S002', 0, 0, 0, 0, '0000-00-00 00:00:00', '0000-00-00 00:00:00'),
(129, '抹茶小磚', '抹茶巧克力餅乾', '6', 50, 60, 45, '#90B44B', 'FImg064.jpg', 'F', 'S002', 0, 0, 0, 0, '0000-00-00 00:00:00', '0000-00-00 00:00:00'),
(130, '抹茶捲心棒', '抹茶夾心棒', '6', 50, 100, 60, '#90B44B', 'FImg065.jpg', 'F', 'S002', 0, 0, 0, 0, '0000-00-00 00:00:00', '0000-00-00 00:00:00'),
(131, '抹茶棒', '抹茶餅乾棒', '6', 50, 80, 60, '#90B44B', 'FImg066.jpg', 'F', 'S002', 0, 0, 0, 0, '0000-00-00 00:00:00', '0000-00-00 00:00:00'),
(132, '夏威夷抹豆', '抹茶巧克力豆', '6', 25, 120, 85, '#90B44B', 'FImg067.jpg', 'F', 'S002', 0, 0, 0, 0, '0000-00-00 00:00:00', '0000-00-00 00:00:00'),
(133, '抹茶捲心酥', '抹茶千層酥餅乾', '6', 30, 100, 70, '#90B44B', 'FImg068.jpg', 'F', 'S002', 0, 0, 0, 0, '0000-00-00 00:00:00', '0000-00-00 00:00:00'),
(134, 'KK抹茶巧克力', '抹茶巧克力', '6', 30, 100, 70, '#90B44B', 'FImg069.jpg', 'F', 'S002', 0, 0, 0, 0, '0000-00-00 00:00:00', '0000-00-00 00:00:00'),
(135, '茶色相機', '抹茶色相機', '24', 20, 600, 280, '#A1CD2E', 'LImg001.jpg', 'F', 'S002', 0, 0, 0, 0, '0000-00-00 00:00:00', '2020-06-22 10:58:20'),
(136, '抹茶護唇膏', '抹茶護唇膏', '19', 50, 380, 280, '#A1CD2E', 'LImg002.jpg', 'F', 'S002', 0, 0, 0, 0, '0000-00-00 00:00:00', '2020-06-22 10:58:55'),
(137, '抹茶口紅', '抹茶口紅', '19', 50, 380, 250, '#A1CD2E', 'LImg003.jpg', 'F', 'S002', 0, 0, 0, 0, '0000-00-00 00:00:00', '2020-06-22 10:58:59'),
(138, '薄荷抹茶唇膏', '薄荷抹茶唇膏', '19', 50, 160, 80, '#A1CD2E', 'LImg004.jpg', 'F', 'S002', 0, 0, 0, 0, '0000-00-00 00:00:00', '2020-06-22 10:59:10'),
(139, '森林香皂', '茶色香皂', '24', 50, 120, 40, '#A1CD2E', 'LImg005.jpg', 'F', 'S002', 0, 0, 0, 0, '0000-00-00 00:00:00', '2020-06-22 10:59:16'),
(140, '抹茶洗手乳', '抹茶洗手乳', '24', 30, 80, 35, '#A1CD2E', 'LImg006.jpg', 'F', 'S002', 0, 0, 0, 0, '0000-00-00 00:00:00', '2020-06-22 10:59:23'),
(141, '抹茶床包', '抹茶床包', '23', 10, 1200, 860, '#016D1B', 'LImg007.jpg', 'F', 'S002', 0, 0, 0, 0, '0000-00-00 00:00:00', '2020-06-22 10:59:31'),
(142, '深抹茶床包', '深抹茶床包', '23', 10, 1500, 1000, '#A1CD2E', 'LImg008.jpg', 'F', 'S002', 0, 0, 0, 0, '0000-00-00 00:00:00', '2020-06-22 10:59:37'),
(143, '抹茶床包2', '抹茶床包', '23', 10, 1500, 1000, '#016D1B', 'LImg009.jpg', 'F', 'S002', 0, 0, 0, 0, '0000-00-00 00:00:00', '2020-06-22 10:59:41'),
(144, '深抹茶床包2', '深抹茶床包', '23', 10, 1500, 1000, '#016D1B', 'LImg010.jpg', 'F', 'S002', 0, 0, 0, 0, '0000-00-00 00:00:00', '2020-06-22 10:59:45'),
(145, '抹茶指甲油', '抹茶指甲油', '21', 30, 400, 280, '#016D1B', 'LImg011.jpg', 'F', 'S002', 0, 0, 0, 0, '0000-00-00 00:00:00', '2020-06-22 10:59:49'),
(146, '綠筆', '綠筆鉛筆組', '24', 20, 140, 90, '#A1CD2E', 'LImg012.jpg', 'F', 'S002', 0, 0, 0, 0, '0000-00-00 00:00:00', '2020-06-22 10:59:54'),
(147, '茶色沙發', '茶色沙發', '23', 5, 18000, 15000, '#A1CD2E', 'LImg013.jpg', 'F', 'S002', 0, 0, 0, 0, '0000-00-00 00:00:00', '2020-06-22 10:59:58'),
(148, '茶色沙發2', '茶色沙發', '23', 5, 22000, 18000, '#A1CD2E', 'LImg014.jpg', 'F', 'S002', 0, 0, 0, 0, '0000-00-00 00:00:00', '2020-06-22 11:00:02'),
(149, '綠的護髮', '綠的護髮', '22', 30, 450, 320, '#A1CD2E', 'LImg015.jpg', 'F', 'S002', 0, 0, 0, 0, '0000-00-00 00:00:00', '2020-06-22 11:00:10'),
(150, '抹茶養身蛋白', '抹茶養身蛋白', '24', 50, 680, 500, '#A1CD2E', 'LImg016.jpg', 'F', 'S002', 0, 0, 0, 0, '0000-00-00 00:00:00', '2020-06-22 11:00:20'),
(151, '抹茶眼霜', '眼霜', '19', 30, 490, 300, '#016D1B', 'LImg017.jpg', 'F', 'S002', 0, 0, 0, 0, '0000-00-00 00:00:00', '2020-06-22 11:00:24'),
(152, '抹茶面膜', '面膜', '19', 30, 600, 380, '#A1CD2E', 'LImg018.jpg', 'F', 'S002', 0, 0, 0, 0, '0000-00-00 00:00:00', '2020-06-22 11:00:28'),
(153, '京都護唇膏', '護唇膏', '19', 30, 200, 120, '#A1CD2E', 'LImg019.jpg', 'F', 'S002', 0, 0, 0, 0, '0000-00-00 00:00:00', '2020-06-22 11:00:33'),
(154, '凱蒂貓洗面乳', '洗面乳', '20', 100, 180, 120, '#A1CD2E', 'LImg020.jpg', 'F', 'S002', 0, 0, 0, 0, '0000-00-00 00:00:00', '2020-06-22 11:00:37'),
(155, '抹茶化妝水', '化妝水', '20', 30, 360, 260, '#A1CD2E', 'LImg021.jpg', 'F', 'S002', 0, 0, 0, 0, '0000-00-00 00:00:00', '2020-06-22 11:00:52'),
(156, '深抹茶沙發', '深綠色沙發', '23', 10, 16000, 12000, '#016D1B', 'LImg022.jpg', 'F', 'S002', 0, 0, 0, 0, '0000-00-00 00:00:00', '2020-06-22 11:00:56'),
(157, '抹茶蜂膠', '抹茶蜂膠', '24', 50, 1000, 750, '#A1CD2E', 'LImg023.jpg', 'F', 'S002', 0, 0, 0, 0, '0000-00-00 00:00:00', '2020-06-22 11:01:20'),
(158, '深抹茶露營水桶', '露營用水桶', '17', 30, 680, 460, '#016D1B', 'LImg024.jpg', 'F', 'S002', 0, 0, 0, 0, '0000-00-00 00:00:00', '2020-06-22 11:01:24'),
(159, '綠露營椅', '營地椅子', '17', 30, 850, 620, '#016D1B', 'LImg025.jpg', 'F', 'S002', 0, 0, 0, 0, '0000-00-00 00:00:00', '2020-06-22 11:01:31'),
(160, '茶色孩童帳篷', '孩童露營帳篷', '17', 20, 1500, 1100, '#016D1B', 'LImg026.jpg', 'F', 'S002', 0, 0, 0, 0, '0000-00-00 00:00:00', '2020-06-22 11:01:39');

-- --------------------------------------------------------

--
-- Table structure for table `item_tracking`
--

CREATE TABLE `item_tracking` (
  `id` int(11) NOT NULL COMMENT '流水號',
  `username` varchar(50) NOT NULL COMMENT '使用者帳號',
  `itemId` int(11) NOT NULL COMMENT '商品編號',
  `itemPrice` int(5) NOT NULL COMMENT '商品價錢',
  `created_at` datetime NOT NULL DEFAULT current_timestamp() COMMENT '新增時間',
  `updated_at` datetime NOT NULL DEFAULT current_timestamp() ON UPDATE current_timestamp() COMMENT '修改時間'
) ENGINE=InnoDB DEFAULT CHARSET=utf8mb4;

--
-- Dumping data for table `item_tracking`
--

INSERT INTO `item_tracking` (`id`, `username`, `itemId`, `itemPrice`, `created_at`, `updated_at`) VALUES
(94, '施Alice', 3, 650, '2020-06-22 00:11:29', '2020-06-22 00:11:29'),
(101, '陳辛蒂', 3, 650, '2020-07-02 04:46:58', '2020-07-02 04:46:58'),
(106, '陳辛蒂', 66, 30, '2020-07-02 04:50:06', '2020-07-02 04:50:06'),
(107, '陳辛蒂', 67, 60, '2020-07-02 04:50:22', '2020-07-02 04:50:22'),
(108, '陳辛蒂', 100, 120, '2020-07-02 04:50:43', '2020-07-02 04:50:43'),
(111, '陳辛蒂', 136, 280, '2020-07-02 05:04:08', '2020-07-02 05:04:08');

-- --------------------------------------------------------

--
-- Table structure for table `marketing`
--

CREATE TABLE `marketing` (
  `id` int(7) NOT NULL,
  `discountID` varchar(10) COLLATE utf8mb4_unicode_ci DEFAULT NULL,
  `discountName` varchar(100) COLLATE utf8mb4_unicode_ci DEFAULT NULL,
  `discountPeriod` varchar(22) COLLATE utf8mb4_unicode_ci DEFAULT NULL,
  `discountAllowed` varchar(4) COLLATE utf8mb4_unicode_ci DEFAULT NULL,
  `discountMethod` decimal(65,2) DEFAULT NULL,
  `courseID` varchar(10) COLLATE utf8mb4_unicode_ci DEFAULT NULL,
  `categoryType` varchar(255) COLLATE utf8mb4_unicode_ci NOT NULL,
  `created_at` datetime NOT NULL DEFAULT current_timestamp(),
  `updated_at` datetime NOT NULL DEFAULT current_timestamp() ON UPDATE current_timestamp()
) ENGINE=InnoDB DEFAULT CHARSET=utf8mb4 COLLATE=utf8mb4_unicode_ci;

--
-- Dumping data for table `marketing`
--

INSERT INTO `marketing` (`id`, `discountID`, `discountName`, `discountPeriod`, `discountAllowed`, `discountMethod`, `courseID`, `categoryType`, `created_at`, `updated_at`) VALUES
(1, 'D001', '手摘(等級提升)', '永久', 'open', '0.60', '', '通用', '2020-04-25 20:49:23', '2020-06-19 03:53:49'),
(3, 'D003', '手摘random', 'null', 'open', '0.90', '', '通用', '2020-04-25 20:49:23', '2020-06-18 23:40:20'),
(4, 'D004', '一番茶', '永久', 'open', '0.95', '', '通用', '2020-04-25 20:49:23', '2020-06-18 23:40:24'),
(5, 'D005', '一番茶生日禮', '30days', 'open', '0.75', '', '通用', '2020-04-25 20:49:23', '2020-06-19 03:53:56'),
(6, 'D006', '二番茶新手禮', '永久', 'open', '0.75', '', '通用', '2020-04-25 20:49:23', '2020-06-19 03:53:43'),
(7, 'D307', '課程滿十送一(限同課程）', '永久', 'open', '0.90', '', '課程', '2020-04-25 20:49:23', '2020-06-18 23:40:39'),
(8, 'D308', '課程體驗卷', '永久', 'open', '0.00', '', '課程', '2020-04-25 20:49:23', '2020-06-18 23:40:45'),
(10, 'D310', '即期品', '10days', 'open', '0.50', '', '商城', '2020-04-25 20:49:23', '2020-06-18 23:40:52'),
(11, 'D311', '早鳥', '60days ago & in 10days', 'open', '0.60', '', '通用', '2020-04-25 20:49:23', '2020-06-19 03:54:07');

-- --------------------------------------------------------

--
-- Table structure for table `member`
--

CREATE TABLE `member` (
  `id` int(11) NOT NULL COMMENT '流水號',
  `memberId` varchar(10) COLLATE utf8mb4_unicode_ci DEFAULT NULL,
  `memberName` varchar(10) COLLATE utf8mb4_unicode_ci DEFAULT NULL,
  `class` varchar(10) COLLATE utf8mb4_unicode_ci DEFAULT NULL,
  `paymentAddress` varchar(100) COLLATE utf8mb4_unicode_ci DEFAULT NULL,
  `paymentCity` varchar(10) COLLATE utf8mb4_unicode_ci DEFAULT NULL,
  `paymentDistrict` varchar(3) COLLATE utf8mb4_unicode_ci DEFAULT NULL,
  `paymentZip` int(3) DEFAULT NULL,
  `phone` varchar(10) COLLATE utf8mb4_unicode_ci DEFAULT NULL,
  `email` varchar(30) COLLATE utf8mb4_unicode_ci NOT NULL,
  `pwd` varchar(100) COLLATE utf8mb4_unicode_ci NOT NULL,
  `paymentChoice` varchar(6) COLLATE utf8mb4_unicode_ci NOT NULL,
  `shipAddress` varchar(100) COLLATE utf8mb4_unicode_ci NOT NULL,
  `rollDate` datetime NOT NULL DEFAULT current_timestamp(),
  `memberImg` varchar(100) COLLATE utf8mb4_unicode_ci NOT NULL,
  `created_at` datetime NOT NULL DEFAULT current_timestamp() COMMENT '新增時間',
  `updated_at` datetime NOT NULL DEFAULT current_timestamp() ON UPDATE current_timestamp() COMMENT '更新時間'
) ENGINE=InnoDB DEFAULT CHARSET=utf8mb4 COLLATE=utf8mb4_unicode_ci COMMENT='學生資料表';

--
-- Dumping data for table `member`
--

INSERT INTO `member` (`id`, `memberId`, `memberName`, `class`, `paymentAddress`, `paymentCity`, `paymentDistrict`, `paymentZip`, `phone`, `email`, `pwd`, `paymentChoice`, `shipAddress`, `rollDate`, `memberImg`, `created_at`, `updated_at`) VALUES
(2, 'M001', '陳希', '手摘', '信義路', '南投縣', '埔里鎮', 106, '0912345677', 'jerrychenci26@gmail.com', '84a516841ba77a5b4648de2cd0dfcb30ea46dbb4', 'visa', '博愛路7號', '2019-12-06 00:37:09', '20200503093847.jpg', '2019-12-06 00:37:09', '2020-06-25 02:50:59'),
(3, 'M002', '王cat', '二番茶', '仁愛路', '基隆市', '中正區', 300, '0988777007', 'cat@gmail.com', 'ba941af50771089cc1e79d548d56653b70a90d5e', 'master', '仁愛路3段20巷4號2F', '2019-12-06 00:37:09', '1592233666144.png', '2019-12-08 21:33:36', '2020-06-20 15:35:22'),
(7, 'M003', '施Alice', '手摘', '保安路', '新北市', '永和區', 234, '0955444666', '000@gmail.com', '8aefb06c426e07a0a671a1e2488b4858d694a730', 'visa', '保安路8段34號', '2019-12-06 00:37:09', '20200503094045.jpg', '2019-12-08 22:02:24', '2020-06-20 09:47:30'),
(8, 'M004', '陳愛', '一番茶', '秀朗路', '新北市', '永和區', 234, '0933555555', '0000@gmail.com', '39dfa55283318d31afe5a3ff4a0e3253e2045e43', 'jbc', '秀朗路227巷59號', '2019-12-06 00:37:09', '20200503094058.jpg', '2019-12-08 22:02:57', '2020-06-20 09:48:01'),
(9, 'M005', '吳Dan', '二番茶', '成功路', '新北市', '三峽區', 235, '0987878787', '00000@gmail.com', '6934105ad50010b814c933314b1da6841431bc8b', 'visa', '成功路89巷4-2號', '2019-12-06 00:37:09', '20200503094143.jpg', '2019-12-08 22:03:48', '2020-06-20 09:48:31'),
(18, 'M006', '白琳達', '一番茶', '基隆路', '基隆市', '信義區', 444, '0944666777', 'jouyingpai@hotmail.com', '32b3491336522e073489725b5daf298cd749007a', 'jbc', '德明路德芳街36號', '2019-12-06 00:37:09', '20200503093909.jpg', '2019-12-10 18:41:50', '2020-06-25 02:59:37'),
(19, 'M007', '沈湯瑪', '手摘', '中正路', '屏東市', '潮州鎮', 548, '0957575757', 'baccano1622@gmail.com', '5f50a84c1fa3bcff146405017f36aec1a10a9e38', 'master', '南港路大尾巷99段1號', '2019-12-06 00:37:09', '20200503093920.jpg', '2020-04-22 14:00:56', '2020-06-25 03:08:45'),
(20, 'M008', '賈荔枝', '二番茶', '興南路', '南投縣', '埔里鎮', 148, '0966666666', 'midory0cc@gmail.com', 'acbe9eefed1b5c30f6a12777bf7fe46911b40d2c', '第三方支付', '中正路三段77巷2號', '2019-12-06 00:37:09', '20200503093932.jpg', '2020-04-22 14:06:05', '2020-06-25 03:08:02'),
(21, 'M009', '蔡肯尼', '二番茶', '北新路', '高雄市', '鳳山區', 0, '0977777777', 'kennyk3721@gmail.com', '1bb8649a5ca2388333c2c19ae84b380b9c8efe0a', '貨到付款', '大安路57號', '2019-12-06 00:37:09', '20200503093952.jpg', '2020-04-27 14:02:47', '2020-06-25 02:54:20'),
(23, 'M010', '陳辛蒂', '手摘', '和平東路', '南投縣', '埔里鎮', 878, '0987778777', '0126cloud@gmail.com', 'a587c6c7e6656f7959a42101b64cc38da39fe4fc', '貨到付款', '大有路一段92號', '2020-04-29 00:00:00', '1593015497494.jpg', '2020-04-29 12:11:57', '2020-07-02 06:41:38'),
(30, 'M011', '王咪子', '手摘', '仁愛路', '台北市', '大安區', 106, '0988555666', 'i22062@hotmail.com', 'cd3844fd77c2354d6700e309ce29b25ab102b0e4', '', '大安路57號', '2020-05-01 12:07:10', '20200503094015.jpg', '2020-05-01 12:07:10', '2020-06-25 03:09:01'),
(31, 'M012', 'tom', '', '', '', NULL, 0, '', '000@gmail.com', 'f6bb3d35d4da6ba775c281fcb602de5bc431451a', '', '', '2020-05-03 19:35:34', '20200506105341.jpg', '2020-05-03 19:35:34', '2020-06-17 04:57:52');

-- --------------------------------------------------------

--
-- Table structure for table `orders`
--

CREATE TABLE `orders` (
  `orderId` int(5) NOT NULL COMMENT '訂單編號',
  `orderNumber` bigint(255) NOT NULL,
  `memberId` varchar(100) COLLATE utf8mb4_unicode_ci DEFAULT NULL,
  `ship_name` varchar(20) COLLATE utf8mb4_unicode_ci NOT NULL COMMENT '收件人名稱',
  `orderPhone` varchar(15) COLLATE utf8mb4_unicode_ci NOT NULL,
  `shipCity` varchar(255) COLLATE utf8mb4_unicode_ci NOT NULL,
  `shipDistrict` varchar(255) COLLATE utf8mb4_unicode_ci NOT NULL,
  `shipAddress` varchar(255) COLLATE utf8mb4_unicode_ci NOT NULL,
  `created_at` datetime NOT NULL COMMENT '訂購日期',
  `shipStatus` varchar(225) COLLATE utf8mb4_unicode_ci NOT NULL COMMENT '物流狀態',
  `paymentMethod` varchar(255) COLLATE utf8mb4_unicode_ci NOT NULL,
  `paymentStatus` varchar(3) COLLATE utf8mb4_unicode_ci NOT NULL COMMENT '付款狀態',
  `paymentDate` datetime NOT NULL DEFAULT current_timestamp() COMMENT '付款日期',
  `shiptotalMoney` int(255) DEFAULT NULL COMMENT '運費',
  `shopDiscount` int(255) DEFAULT NULL COMMENT '折扣金額',
  `totalPrice` int(10) NOT NULL COMMENT '總價',
  `note` varchar(225) COLLATE utf8mb4_unicode_ci NOT NULL,
  `updated_at` datetime NOT NULL DEFAULT current_timestamp() ON UPDATE current_timestamp() COMMENT '更新時間'
) ENGINE=InnoDB DEFAULT CHARSET=utf8mb4 COLLATE=utf8mb4_unicode_ci;

--
-- Dumping data for table `orders`
--

INSERT INTO `orders` (`orderId`, `orderNumber`, `memberId`, `ship_name`, `orderPhone`, `shipCity`, `shipDistrict`, `shipAddress`, `created_at`, `shipStatus`, `paymentMethod`, `paymentStatus`, `paymentDate`, `shiptotalMoney`, `shopDiscount`, `totalPrice`, `note`, `updated_at`) VALUES
(145, 1593024746742, 'M001', '陳希', '0912345677', '南投縣', '埔里鎮', '博愛路7號', '2020-06-25 10:52:26', '未出貨', 'ATM轉帳', '未付款', '2020-06-25 02:52:26', 0, 255, 3995, '', '2020-06-25 02:52:26'),
(146, 1593024982738, 'M009', '蔡肯尼', '0977777777', '高雄市', '鳳山區', '大安路57號', '2020-06-25 10:56:22', '未出貨', '貨到付款', '未付款', '2020-06-25 02:56:22', 0, 0, 1700, '', '2020-06-25 02:56:22'),
(147, 1593025242697, 'M006', '白琳達', '0944666777', '基隆市', '信義區', '德明路德芳街36號', '2020-06-25 11:00:42', '未出貨', 'ATM轉帳', '未付款', '2020-06-25 03:00:42', 0, 0, 2550, '', '2020-06-25 03:00:42'),
(148, 1593025828837, 'M007', '沈湯瑪', '0957575757', '屏東市', '潮州鎮', '南港路大尾巷99段1號', '2020-06-25 11:10:28', '未出貨', '貨到付款', '未付款', '2020-06-25 03:10:28', 0, 0, 2550, '', '2020-06-25 03:10:28'),
(149, 1593025935330, 'M008', '賈荔枝', '0966666666', '南投縣', '埔里鎮', '中正路三段77巷2號', '2020-06-25 11:12:15', '未出貨', 'LinePay', '未付款', '2020-06-25 03:12:15', 0, 0, 2550, '', '2020-06-25 03:12:15'),
(150, 1593026037475, 'M011', '王咪子', '0988555666', '台北市', '大安區', '大安路57號', '2020-06-25 11:13:57', '未出貨', '貨到付款', '未付款', '2020-06-25 03:13:57', 0, 0, 2550, '', '2020-06-25 03:13:57'),
(160, 1593632184847, 'M010', '陳辛蒂', '0987778777', '南投縣', '埔里鎮', '大有路一段92號', '2020-07-02 11:36:24', '未出貨', '信用卡', '已付款', '2020-07-02 03:36:24', 250, 884, 1326, 'note', '2020-07-02 03:36:24'),
(161, 1593632482379, 'M010', '陳辛蒂', '0987778777', '南投縣', '埔里鎮', '大有路一段92號', '2020-07-02 11:41:22', '未出貨', 'ATM轉帳', '未付款', '2020-07-02 03:41:22', 0, 0, 1850, '', '2020-07-02 03:41:22'),
(162, 1593633024852, 'M010', '陳辛蒂', '0987778777', '南投縣', '埔里鎮', '大有路一段92號', '2020-07-02 11:50:24', '未出貨', 'ATM轉帳', '未付款', '2020-07-02 03:50:24', 150, 14, 256, '', '2020-07-02 03:50:24'),
(163, 1593633078970, 'M010', '陳辛蒂', '0987778777', '南投縣', '埔里鎮', '大有路一段92號', '2020-07-02 11:51:18', '未出貨', '信用卡', '已付款', '2020-07-02 03:51:18', 0, 25, 475, '', '2020-07-02 03:51:18'),
(164, 1593645326247, 'M010', '陳辛蒂', '0987778777', '南投縣', '埔里鎮', '大有路一段92號', '2020-07-02 15:15:26', '未出貨', '信用卡', '已付款', '2020-07-02 07:15:26', 150, 0, 210, '', '2020-07-02 07:15:26');

-- --------------------------------------------------------

--
-- Table structure for table `order_lists`
--

CREATE TABLE `order_lists` (
  `orderListId` int(10) NOT NULL COMMENT '明細編碼',
  `orderId` varchar(10) COLLATE utf8mb4_unicode_ci NOT NULL COMMENT '訂單編碼',
  `itemId` varchar(10) COLLATE utf8mb4_unicode_ci NOT NULL COMMENT '商品編碼',
  `itemName` varchar(255) COLLATE utf8mb4_unicode_ci NOT NULL,
  `courseId` varchar(10) COLLATE utf8mb4_unicode_ci NOT NULL COMMENT '課程編碼',
  `courseName` varchar(255) COLLATE utf8mb4_unicode_ci NOT NULL,
  `checkPrice` int(10) NOT NULL COMMENT '單品價格',
  `checkQuantity` int(3) NOT NULL COMMENT '單品數量',
  `checkSubtotal` int(10) NOT NULL COMMENT '單品總價',
  `created_at` datetime NOT NULL DEFAULT current_timestamp() ON UPDATE current_timestamp() COMMENT '新增時間',
  `updated_at` datetime NOT NULL DEFAULT current_timestamp() ON UPDATE current_timestamp() COMMENT '更新時間'
) ENGINE=InnoDB DEFAULT CHARSET=utf8mb4 COLLATE=utf8mb4_unicode_ci;

--
-- Dumping data for table `order_lists`
--

INSERT INTO `order_lists` (`orderListId`, `orderId`, `itemId`, `itemName`, `courseId`, `courseName`, `checkPrice`, `checkQuantity`, `checkSubtotal`, `created_at`, `updated_at`) VALUES
(251, '145', '4', '補丁感羔羊毛外套', '', '', 850, 2, 1700, '2020-06-25 02:52:26', '2020-06-25 02:52:26'),
(252, '145', '', '', '1', '抹茶茶道課', 850, 3, 2550, '2020-06-25 02:52:26', '2020-06-25 02:52:26'),
(253, '146', '4', '補丁感羔羊毛外套', '', '', 850, 1, 850, '2020-06-25 02:56:22', '2020-06-25 02:56:22'),
(254, '146', '', '', '1', '抹茶茶道課', 850, 1, 850, '2020-06-25 02:56:22', '2020-06-25 02:56:22'),
(255, '147', '4', '補丁感羔羊毛外套', '', '', 850, 1, 850, '2020-06-25 03:00:42', '2020-06-25 03:00:42'),
(256, '147', '', '', '1', '抹茶茶道課', 850, 2, 1700, '2020-06-25 03:00:42', '2020-06-25 03:00:42'),
(257, '148', '4', '補丁感羔羊毛外套', '', '', 850, 1, 850, '2020-06-25 03:10:28', '2020-06-25 03:10:28'),
(258, '148', '', '', '1', '抹茶茶道課', 850, 2, 1700, '2020-06-25 03:10:28', '2020-06-25 03:10:28'),
(259, '149', '4', '補丁感羔羊毛外套', '', '', 850, 1, 850, '2020-06-25 03:12:15', '2020-06-25 03:12:15'),
(260, '149', '', '', '1', '抹茶茶道課', 850, 2, 1700, '2020-06-25 03:12:15', '2020-06-25 03:12:15'),
(261, '150', '4', '補丁感羔羊毛外套', '', '', 850, 1, 850, '2020-06-25 03:13:57', '2020-06-25 03:13:57'),
(262, '150', '', '', '1', '抹茶茶道課', 850, 2, 1700, '2020-06-25 03:13:57', '2020-06-25 03:13:57'),
(279, '160', '3', '立領排釦外套', '', '', 650, 1, 650, '2020-07-02 03:36:24', '2020-07-02 03:36:24'),
(280, '160', '', '', '1', '抹茶茶道課', 850, 1, 850, '2020-07-02 03:36:24', '2020-07-02 03:36:24'),
(281, '160', '67', '抹茶西米露', '', '', 60, 1, 60, '2020-07-02 03:36:24', '2020-07-02 03:36:24'),
(282, '160', '', '', '2', '抹茶磅蛋糕手作', 400, 1, 400, '2020-07-02 03:36:24', '2020-07-02 03:36:24'),
(283, '161', '12', '夏日編織半圓手拿包', '', '', 780, 1, 780, '2020-07-02 03:41:22', '2020-07-02 03:41:22'),
(284, '161', '149', '綠的護髮', '', '', 320, 1, 320, '2020-07-02 03:41:22', '2020-07-02 03:41:22'),
(285, '161', '', '', '2', '抹茶磅蛋糕手作', 400, 1, 400, '2020-07-02 03:41:22', '2020-07-02 03:41:22'),
(286, '161', '', '', '5', '端午限定-抹茶冰心粽', 350, 1, 350, '2020-07-02 03:41:22', '2020-07-02 03:41:22'),
(287, '162', '100', '冰抹茶拿鐵', '', '', 120, 1, 120, '2020-07-02 03:50:24', '2020-07-02 03:50:24'),
(288, '163', '', '', '3', '抹茶毛巾卷', 500, 1, 500, '2020-07-02 03:51:18', '2020-07-02 03:51:18'),
(289, '164', '67', '抹茶西米露', '', '', 60, 1, 60, '2020-07-02 07:15:26', '2020-07-02 07:15:26');

-- --------------------------------------------------------

--
-- Table structure for table `order_payment`
--

CREATE TABLE `order_payment` (
  `orderPaymentId` int(7) NOT NULL,
  `orderId` int(7) NOT NULL,
  `orderPaymentName` varchar(255) COLLATE utf8mb4_unicode_ci NOT NULL,
  `orderPaymentCard` varchar(255) COLLATE utf8mb4_unicode_ci NOT NULL,
  `closingDate` varchar(255) COLLATE utf8mb4_unicode_ci NOT NULL,
  `cvv` int(3) NOT NULL,
  `checkAddress` varchar(255) COLLATE utf8mb4_unicode_ci NOT NULL,
  `created_at` datetime NOT NULL DEFAULT current_timestamp(),
  `updated_at` datetime NOT NULL DEFAULT current_timestamp() ON UPDATE current_timestamp()
) ENGINE=InnoDB DEFAULT CHARSET=utf8mb4 COLLATE=utf8mb4_unicode_ci;

--
-- Dumping data for table `order_payment`
--

INSERT INTO `order_payment` (`orderPaymentId`, `orderId`, `orderPaymentName`, `orderPaymentCard`, `closingDate`, `cvv`, `checkAddress`, `created_at`, `updated_at`) VALUES
(96, 160, 'cindy', '3333-3333-3333-3333', '11/11', 888, '777777777777777777', '2020-07-02 03:36:24', '2020-07-02 03:36:24'),
(97, 163, '陳欣誼', '3333-3333-3333-3333', '99/99', 123, '777777777777777777', '2020-07-02 03:51:18', '2020-07-02 03:51:18'),
(98, 164, '陳欣誼', '9999-0000-0000-0000', '00/99', 888, '888888888888888', '2020-07-02 07:15:26', '2020-07-02 07:15:26');

-- --------------------------------------------------------

--
-- Table structure for table `payment`
--

CREATE TABLE `payment` (
  `paymentId` int(11) NOT NULL COMMENT '流水號',
  `paymentMethod` varchar(100) COLLATE utf8mb4_unicode_ci NOT NULL COMMENT '付款方式',
  `paymentAllowed` enum('開','關') COLLATE utf8mb4_unicode_ci NOT NULL DEFAULT '開' COMMENT '允許狀態',
  `paymentTypeImg` varchar(100) COLLATE utf8mb4_unicode_ci NOT NULL COMMENT '付款類型圖',
  `created_at` datetime NOT NULL DEFAULT current_timestamp(),
  `updated_at` datetime NOT NULL DEFAULT current_timestamp() ON UPDATE current_timestamp()
) ENGINE=InnoDB DEFAULT CHARSET=utf8mb4 COLLATE=utf8mb4_unicode_ci;

--
-- Dumping data for table `payment`
--

INSERT INTO `payment` (`paymentId`, `paymentMethod`, `paymentAllowed`, `paymentTypeImg`, `created_at`, `updated_at`) VALUES
(1, 'LINE PAY', '開', 'payment_type_20200413102736.png', '2020-04-23 21:55:41', '2020-05-01 12:32:30'),
(2, 'ATM轉帳', '開', 'payment_202004232153.jpg', '2020-04-23 21:55:41', '2020-04-28 23:09:39'),
(3, 'GOOGLE PAY', '開', 'payment_type_20191214200017.png', '2020-04-23 21:55:41', '2020-04-28 23:09:39'),
(4, 'SAMSUNG PAY', '開', 'payment_type_20191214195955.png', '2020-04-23 21:55:41', '2020-04-29 14:07:49'),
(5, '貨到付款', '開', 'payment_202004232147.png', '2020-04-23 21:55:41', '2020-05-06 12:14:01');

-- --------------------------------------------------------

--
-- Table structure for table `rel_coupon_member`
--

CREATE TABLE `rel_coupon_member` (
  `rel_coupon_member_id` int(100) NOT NULL COMMENT '流水號',
  `memberId` varchar(100) COLLATE utf8_unicode_ci NOT NULL,
  `discountID` varchar(100) COLLATE utf8_unicode_ci NOT NULL,
  `use_times` int(20) NOT NULL DEFAULT 0,
  `updated_at` datetime NOT NULL DEFAULT current_timestamp() ON UPDATE current_timestamp(),
  `created_at` datetime NOT NULL DEFAULT current_timestamp()
) ENGINE=InnoDB DEFAULT CHARSET=utf8 COLLATE=utf8_unicode_ci;

--
-- Dumping data for table `rel_coupon_member`
--

INSERT INTO `rel_coupon_member` (`rel_coupon_member_id`, `memberId`, `discountID`, `use_times`, `updated_at`, `created_at`) VALUES
(1, 'M002', 'D307', 11, '2020-06-21 01:08:58', '2020-06-15 23:20:44'),
(2, 'M003', 'D307', 0, '2020-06-15 23:20:44', '2020-06-15 23:20:44'),
(3, 'M005', 'D311', 0, '2020-06-15 23:23:56', '2020-06-15 23:20:44'),
(4, 'M007', 'D100', 0, '2020-06-15 23:20:44', '2020-06-15 23:20:44'),
(5, 'M021', 'D311', 0, '2020-06-15 23:23:59', '2020-06-15 23:20:44'),
(6, 'M001', 'D003', 25, '2020-06-25 04:33:35', '2020-06-15 23:20:44'),
(7, 'M002', 'D004', 9, '2020-06-21 01:08:58', '2020-06-15 23:20:44'),
(8, 'M003', 'D006', 0, '2020-06-15 23:24:16', '2020-06-15 23:20:44'),
(9, 'M001', 'D311', 19, '2020-06-25 02:10:19', '2020-06-15 23:20:44'),
(10, 'M002', 'D100', 0, '2020-06-15 23:20:44', '2020-06-15 23:20:44'),
(11, 'M003', 'D311', 0, '2020-06-15 23:24:06', '2020-06-15 23:20:44'),
(12, 'M033', 'D003', 0, '2020-06-15 23:20:44', '2020-06-15 23:20:44'),
(13, 'M010', 'D311', 24, '2020-07-01 14:09:47', '2020-06-25 00:14:30'),
(14, 'M010', 'D004', 1, '2020-07-01 14:45:12', '2020-06-25 00:14:37'),
(15, 'M006', 'D004', 0, '2020-06-27 22:37:06', '2020-06-25 00:14:37'),
(16, 'M007', 'D004', 0, '2020-06-27 22:37:09', '2020-06-25 00:14:37'),
(17, 'M008', 'D004', 0, '2020-06-27 22:37:12', '2020-06-25 00:14:37'),
(18, 'M009', 'D004', 0, '2020-06-27 22:37:14', '2020-06-25 00:14:37'),
(20, 'M011', 'D004', 0, '2020-06-27 22:37:19', '2020-06-25 00:14:37'),
(21, 'M001', 'D004', 0, '2020-06-27 22:37:22', '2020-06-25 00:14:37'),
(22, 'M006', 'D307', 0, '2020-06-27 22:39:23', '2020-06-25 00:14:37'),
(23, 'M007', 'D307', 0, '2020-06-27 22:39:23', '2020-06-25 00:14:37'),
(24, 'M008', 'D307', 0, '2020-06-27 22:39:23', '2020-06-25 00:14:37'),
(25, 'M009', 'D307', 0, '2020-06-27 22:39:23', '2020-06-25 00:14:37'),
(26, 'M010', 'D307', 0, '2020-06-27 22:39:23', '2020-06-25 00:14:37'),
(27, 'M011', 'D307', 0, '2020-06-27 22:39:23', '2020-06-25 00:14:37'),
(28, 'M001', 'D307', 0, '2020-06-27 22:39:23', '2020-06-25 00:14:37'),
(29, 'M006', 'D311', 0, '2020-06-27 22:39:23', '2020-06-25 00:14:37'),
(30, 'M007', 'D311', 0, '2020-06-27 22:39:23', '2020-06-25 00:14:37'),
(31, 'M008', 'D311', 0, '2020-06-27 22:39:23', '2020-06-25 00:14:37'),
(32, 'M009', 'D311', 0, '2020-06-27 22:39:23', '2020-06-25 00:14:37'),
(34, 'M011', 'D311', 0, '2020-06-27 22:39:23', '2020-06-25 00:14:37'),
(35, 'M001', 'D311', 0, '2020-06-27 22:39:23', '2020-06-25 00:14:37');

-- --------------------------------------------------------

--
-- Table structure for table `rel_course_cat`
--

CREATE TABLE `rel_course_cat` (
  `relCourseId` varchar(7) COLLATE utf8mb4_unicode_ci NOT NULL,
  `categoryId` int(7) NOT NULL,
  `courseId` varchar(7) COLLATE utf8mb4_unicode_ci NOT NULL,
  `courseName` varchar(100) COLLATE utf8mb4_unicode_ci NOT NULL,
  `created_at` datetime NOT NULL DEFAULT current_timestamp(),
  `updated_at` datetime NOT NULL DEFAULT current_timestamp() ON UPDATE current_timestamp()
) ENGINE=InnoDB DEFAULT CHARSET=utf8mb4 COLLATE=utf8mb4_unicode_ci;

--
-- Dumping data for table `rel_course_cat`
--

INSERT INTO `rel_course_cat` (`relCourseId`, `categoryId`, `courseId`, `courseName`, `created_at`, `updated_at`) VALUES
('RC001', 27, '1', '抹茶茶道課', '0000-00-00 00:00:00', '2020-06-18 10:01:35'),
('RC002', 27, '2', '抹茶磅蛋糕手作', '0000-00-00 00:00:00', '2020-06-18 10:01:41'),
('RC003', 27, '3', '抹茶毛巾卷', '0000-00-00 00:00:00', '2020-06-18 10:02:09'),
('RC004', 27, '4', '情人節限定-抹茶巧克力手作', '0000-00-00 00:00:00', '2020-06-18 10:02:11'),
('RC005', 30, '4', '情人節限定-抹茶巧克力手作', '0000-00-00 00:00:00', '2020-06-18 10:02:16'),
('RC006', 27, '5', '端午限定-抹茶冰心粽', '0000-00-00 00:00:00', '2020-06-18 10:02:20'),
('RC007', 30, '5', '端午限定-抹茶冰心粽', '0000-00-00 00:00:00', '2020-06-18 10:02:24'),
('RC008', 27, '6', '中秋限定-抹茶月餅手作', '0000-00-00 00:00:00', '2020-06-18 10:02:27'),
('RC009', 30, '6', '中秋限定-抹茶月餅手作', '0000-00-00 00:00:00', '2020-06-18 10:02:30'),
('RC010', 27, '7', '冬至限定-抹茶湯圓親子手作課', '0000-00-00 00:00:00', '2020-06-18 10:02:36'),
('RC011', 30, '7', '冬至限定-抹茶湯圓親子手作課', '0000-00-00 00:00:00', '2020-06-18 10:02:39'),
('RC012', 27, '8', '抹茶新品體驗課程', '0000-00-00 00:00:00', '2020-06-18 10:02:42'),
('RC013', 31, '8', '抹茶新品體驗課程', '0000-00-00 00:00:00', '2020-06-18 10:02:46'),
('RC014', 28, '9', '抹茶色穿搭', '0000-00-00 00:00:00', '2020-06-18 10:02:49'),
('RC015', 28, '10', '防疫限定抹茶口罩套教學', '0000-00-00 00:00:00', '2020-06-18 10:02:52'),
('RC016', 32, '10', '防疫限定抹茶口罩套教學', '0000-00-00 00:00:00', '2020-06-22 12:08:48'),
('RC017', 28, '11', '抹茶新品體驗課程', '0000-00-00 00:00:00', '2020-06-22 12:09:04'),
('RC018', 31, '11', '抹茶新品體驗課程', '0000-00-00 00:00:00', '2020-06-22 12:09:07'),
('RC019', 29, '12', '抹茶山登山活動', '0000-00-00 00:00:00', '2020-06-22 12:09:10'),
('RC020', 29, '13', '抹茶主題露營', '0000-00-00 00:00:00', '2020-06-22 12:09:17'),
('RC021', 29, '14', '抹茶香皂\\洗手液DIY', '0000-00-00 00:00:00', '2020-06-22 12:09:20'),
('RC022', 32, '14', '抹茶香皂\\洗手液DIY', '0000-00-00 00:00:00', '2020-06-22 12:09:32'),
('RC023', 29, '15', '抹茶營養學', '0000-00-00 00:00:00', '2020-06-22 12:10:13'),
('RC024', 29, '16', '抹茶居家佈置', '0000-00-00 00:00:00', '2020-06-22 12:10:20'),
('RC025', 32, '15', '抹茶營養學', '2020-06-22 12:20:08', '2020-06-22 12:23:00');

-- --------------------------------------------------------

--
-- Table structure for table `rel_item_cat`
--

CREATE TABLE `rel_item_cat` (
  `relItemId` varchar(20) COLLATE utf8mb4_unicode_ci NOT NULL,
  `categoryId` varchar(7) COLLATE utf8mb4_unicode_ci NOT NULL,
  `itemId` varchar(7) COLLATE utf8mb4_unicode_ci NOT NULL,
  `itemName` varchar(40) COLLATE utf8mb4_unicode_ci NOT NULL,
  `created_at` datetime NOT NULL DEFAULT current_timestamp(),
  `updated_at` datetime NOT NULL DEFAULT current_timestamp() ON UPDATE current_timestamp()
) ENGINE=InnoDB DEFAULT CHARSET=utf8mb4 COLLATE=utf8mb4_unicode_ci;

--
-- Dumping data for table `rel_item_cat`
--

INSERT INTO `rel_item_cat` (`relItemId`, `categoryId`, `itemId`, `itemName`, `created_at`, `updated_at`) VALUES
('20200428162407', '24', '136', '茶色相機', '0000-00-00 00:00:00', '2020-05-01 15:18:10'),
('20200428162412', '19', '137', '抹茶護唇膏', '0000-00-00 00:00:00', '2020-05-01 15:18:22'),
('20200428162426', '19', '138', '抹茶口紅', '0000-00-00 00:00:00', '2020-05-01 15:18:30'),
('20200428162626', '19', '139', '薄荷抹茶唇膏', '0000-00-00 00:00:00', '2020-05-01 15:18:48'),
('20200428162640', '24', '140', '森林香皂', '0000-00-00 00:00:00', '2020-05-01 15:18:56'),
('20200428162648', '24', '141', '抹茶洗手乳', '0000-00-00 00:00:00', '2020-05-01 15:19:03'),
('20200428162702', '23', '142', '抹茶床包', '0000-00-00 00:00:00', '2020-05-01 15:19:22'),
('20200428162709', '23', '143', '深抹茶床包', '0000-00-00 00:00:00', '2020-05-01 15:19:31'),
('20200428162806', '23', '145', '深抹茶床包2', '0000-00-00 00:00:00', '2020-05-01 15:19:48'),
('20200428162812', '21', '146', '抹茶指甲油', '0000-00-00 00:00:00', '2020-05-01 15:19:57'),
('20200428162813', '23', '144', '抹茶床包2', '0000-00-00 00:00:00', '2020-05-01 15:19:40'),
('20200428162820', '24', '147', '綠筆', '0000-00-00 00:00:00', '2020-05-01 15:20:01'),
('20200428162828', '23', '148', '茶色沙發', '0000-00-00 00:00:00', '2020-05-01 15:20:08'),
('20200428162836', '23', '149', '茶色沙發2', '0000-00-00 00:00:00', '2020-05-01 15:20:15'),
('20200428163042', '19', '153', '抹茶面膜', '0000-00-00 00:00:00', '2020-05-01 15:20:54'),
('20200428163105', '22', '150', '綠的護髮', '0000-00-00 00:00:00', '2020-05-01 15:20:29'),
('20200428163112', '24', '151', '抹茶養身蛋白', '0000-00-00 00:00:00', '2020-05-01 15:20:35'),
('20200428163118', '19', '152', '抹茶眼霜', '0000-00-00 00:00:00', '2020-05-01 15:20:42'),
('20200428163138', '19', '154', '京都護唇膏', '0000-00-00 00:00:00', '2020-05-01 15:21:01'),
('20200428163158', '20', '155', '凱蒂貓洗面乳', '0000-00-00 00:00:00', '2020-05-01 15:21:06'),
('20200428163159', '20', '156', '抹茶化妝水', '0000-00-00 00:00:00', '2020-05-01 15:21:15'),
('20200428163206', '23', '157', '深抹茶沙發', '0000-00-00 00:00:00', '2020-05-01 15:21:22'),
('20200428163213', '24', '158', '抹茶蜂膠', '0000-00-00 00:00:00', '2020-05-01 15:21:30'),
('20200430151045', '17', '59', '', '2020-04-30 23:10:50', '2020-04-30 23:10:50'),
('20200501030054', '25', '3', '<br />\r\n<b>Notice</b>:  Undefined index:', '2020-05-01 09:00:55', '2020-05-01 09:00:55'),
('RI024', '17', '159', '深抹茶露營水桶', '0000-00-00 00:00:00', '2020-04-28 16:32:27'),
('RI025', '17', '160', '綠露營椅', '0000-00-00 00:00:00', '2020-04-28 16:32:42'),
('RI026', '17', '161', '茶色孩童帳篷', '0000-00-00 00:00:00', '2020-04-28 16:32:49'),
('RI027', '6', '66', '抹茶圈圈', '0000-00-00 00:00:00', '2020-04-28 16:32:56'),
('RI028', '6', '67', '抹茶西米露', '0000-00-00 00:00:00', '2020-04-28 16:33:02'),
('RI029', '6', '68', '抹茶冰淇淋', '0000-00-00 00:00:00', '2020-04-28 16:33:09'),
('RI030', '6', '69', 'QQ抹在心', '0000-00-00 00:00:00', '2020-04-28 16:33:15'),
('RI031', '6', '70', '抹茶奇緣', '0000-00-00 00:00:00', '2020-04-28 16:33:22'),
('RI032', '6', '71', '綠的派派', '0000-00-00 00:00:00', '2020-04-28 16:33:28'),
('RI033', '6', '72', '抹茶聖代義大利麵', '0000-00-00 00:00:00', '2020-04-28 16:33:35'),
('RI034', '6', '73', '抹茶馬卡龍', '0000-00-00 00:00:00', '2020-04-28 16:33:42'),
('RI035', '6', '74', '抹香魚燒', '0000-00-00 00:00:00', '2020-04-28 16:33:51'),
('RI036', '6', '75', '抹茶迷宮', '0000-00-00 00:00:00', '2020-04-28 16:33:57'),
('RI037', '6', '76', '綠之瑪德蓮', '0000-00-00 00:00:00', '2020-04-28 16:34:03'),
('RI038', '6', '77', '抹茶的異想世界', '0000-00-00 00:00:00', '2020-04-28 16:34:09'),
('RI039', '6', '78', '抹在心裡', '0000-00-00 00:00:00', '2020-04-28 16:34:14'),
('RI040', '6', '79', '抹茶厚舒芙雷', '0000-00-00 00:00:00', '2020-04-28 16:34:21'),
('RI041', '6', '80', '茶香磅蛋糕', '0000-00-00 00:00:00', '2020-04-28 16:34:26'),
('RI042', '6', '81', '重抹茶杯子', '0000-00-00 00:00:00', '2020-04-28 16:34:45'),
('RI043', '6', '82', '抹茶之邱', '0000-00-00 00:00:00', '2020-04-28 16:34:51'),
('RI044', '6', '83', '抹茶QQ糕', '0000-00-00 00:00:00', '2020-04-28 16:34:56'),
('RI045', '6', '84', '抹茶糬糬', '0000-00-00 00:00:00', '2020-04-28 16:35:01'),
('RI046', '6', '85', '抹茶白玉甜筒', '0000-00-00 00:00:00', '2020-04-28 16:35:05'),
('RI047', '6', '86', '抹茶富士山', '0000-00-00 00:00:00', '2020-04-28 16:35:09'),
('RI048', '6', '87', '抹茶森林', '0000-00-00 00:00:00', '2020-04-28 16:35:16'),
('RI049', '6', '88', '茶香磅蛋糕', '0000-00-00 00:00:00', '2020-04-28 16:35:21'),
('RI050', '6', '89', '抹茶杯杯', '0000-00-00 00:00:00', '2020-04-28 16:35:25'),
('RI051', '6', '90', '抹茶千層', '0000-00-00 00:00:00', '2020-04-28 16:35:32'),
('RI052', '6', '91', '抹的起司', '0000-00-00 00:00:00', '2020-04-28 16:35:37'),
('RI053', '6', '92', '抹茶默思', '0000-00-00 00:00:00', '2020-04-28 16:35:41'),
('RI054', '6', '93', '抹香捲心蛋糕', '0000-00-00 00:00:00', '2020-04-28 16:35:46'),
('RI055', '6', '94', '抹茶盆地', '0000-00-00 00:00:00', '2020-04-28 16:35:53'),
('RI056', '6', '95', '抹茶髒髒捲', '0000-00-00 00:00:00', '2020-04-28 16:35:57'),
('RI057', '6', '96', '抹茶奶油千層', '0000-00-00 00:00:00', '2020-04-28 16:36:04'),
('RI058', '6', '97', '抹茶白巧克力', '0000-00-00 00:00:00', '2020-04-28 16:36:25'),
('RI059', '6', '98', '抹茶芝麻蛋糕', '0000-00-00 00:00:00', '2020-04-28 16:36:30'),
('RI060', '6', '99', '抹茶牛角', '0000-00-00 00:00:00', '2020-04-28 16:36:36'),
('RI061', '7', '100', '冰抹茶拿鐵', '0000-00-00 00:00:00', '2020-04-28 16:36:41'),
('RI062', '7', '101', '冰抹茶', '0000-00-00 00:00:00', '2020-04-28 16:36:46'),
('RI063', '7', '102', '焙茶拿鐵', '0000-00-00 00:00:00', '2020-04-28 16:36:50'),
('RI064', '7', '103', '冰重抹茶', '0000-00-00 00:00:00', '2020-04-28 16:36:55'),
('RI065', '7', '104', '雙茶拿鐵', '0000-00-00 00:00:00', '2020-04-28 16:36:59'),
('RI066', '7', '105', '珍珠抹茶拿鐵', '0000-00-00 00:00:00', '2020-04-28 16:37:05'),
('RI067', '7', '106', '抹茶咖啡', '0000-00-00 00:00:00', '2020-04-28 16:37:09'),
('RI068', '7', '107', '抹茶堅果拿鐵', '0000-00-00 00:00:00', '2020-04-28 16:37:14'),
('RI069', '7', '108', '熱抹茶拿鐵', '0000-00-00 00:00:00', '2020-04-28 16:37:19'),
('RI070', '7', '109', '罐裝冰抹茶拿鐵', '0000-00-00 00:00:00', '2020-04-28 16:37:23'),
('RI071', '7', '110', '清檸冰抹茶', '0000-00-00 00:00:00', '2020-04-28 16:37:29'),
('RI072', '7', '111', '夏季抹茶派對', '0000-00-00 00:00:00', '2020-04-28 16:37:33'),
('RI073', '7', '112', '抹茶粉1', '0000-00-00 00:00:00', '2020-04-28 16:37:37'),
('RI074', '7', '113', '抹茶粉2', '0000-00-00 00:00:00', '2020-04-28 16:37:42'),
('RI075', '7', '114', '抹茶粉3', '0000-00-00 00:00:00', '2020-04-28 16:37:46'),
('RI076', '7', '115', '抹茶粉4', '0000-00-00 00:00:00', '2020-04-28 16:37:50'),
('RI077', '7', '116', '抹茶粉5', '0000-00-00 00:00:00', '2020-04-28 16:38:08'),
('RI078', '7', '117', '抹茶粉6', '0000-00-00 00:00:00', '2020-04-28 16:38:14'),
('RI079', '7', '118', '抹茶粉7', '0000-00-00 00:00:00', '2020-04-28 16:38:19'),
('RI080', '6', '119', '抹茶爆米花', '0000-00-00 00:00:00', '2020-04-28 16:38:53'),
('RI081', '6', '120', '茶香米果', '0000-00-00 00:00:00', '2020-04-28 16:38:58'),
('RI082', '6', '121', '抹茶小圓餅', '0000-00-00 00:00:00', '2020-04-28 16:39:07'),
('RI083', '6', '122', '綠葉餅乾', '0000-00-00 00:00:00', '2020-04-28 16:39:11'),
('RI084', '6', '123', '抹茶紅豆餅', '0000-00-00 00:00:00', '2020-04-28 16:39:18'),
('RI085', '6', '124', '抹茶巧克力', '0000-00-00 00:00:00', '2020-04-28 16:39:24'),
('RI086', '6', '125', '帆船餅乾', '0000-00-00 00:00:00', '2020-04-28 16:39:29'),
('RI087', '6', '126', 'OREO抹茶夾心', '0000-00-00 00:00:00', '2020-04-28 16:39:34'),
('RI088', '6', '127', '茶香銅鑼燒', '0000-00-00 00:00:00', '2020-04-28 16:39:40'),
('RI089', '6', '128', '茶香乖乖', '0000-00-00 00:00:00', '2020-04-28 16:39:47'),
('RI090', '6', '129', '抹茶小磚', '0000-00-00 00:00:00', '2020-04-28 16:39:51'),
('RI091', '6', '130', '抹茶捲心棒', '0000-00-00 00:00:00', '2020-04-28 16:39:58'),
('RI092', '6', '131', '抹茶棒', '0000-00-00 00:00:00', '2020-04-28 16:40:02'),
('RI093', '6', '132', '夏威夷抹豆', '0000-00-00 00:00:00', '2020-04-28 16:40:07'),
('RI094', '6', '133', '抹茶捲心酥', '0000-00-00 00:00:00', '2020-04-28 16:40:17'),
('RI095', '6', '134', 'KK抹茶巧克力', '0000-00-00 00:00:00', '2020-04-28 16:40:23'),
('RI096', '13', '1', '抹茶針織外套', '0000-00-00 00:00:00', '2020-04-28 16:43:29'),
('RI098', '13', '3', '立領排釦外套', '0000-00-00 00:00:00', '2020-04-28 16:43:33'),
('RI099', '10', '4', '補丁感羔羊毛外套', '0000-00-00 00:00:00', '2020-04-28 16:43:37'),
('RI100', '10', '5', '立領貼身長袖毛衣', '0000-00-00 00:00:00', '2020-04-28 16:43:41'),
('RI101', '10', '6', '小立領長袖襯衫', '0000-00-00 00:00:00', '2020-04-28 16:43:45'),
('RI102', '10', '7', '皮革棒球外套', '0000-00-00 00:00:00', '2020-04-28 16:43:52'),
('RI103', '11', '8', '顯瘦緊身長褲', '0000-00-00 00:00:00', '2020-04-28 16:43:57'),
('RI104', '14', '9', '寬鬆休閒長褲', '0000-00-00 00:00:00', '2020-04-28 16:44:00'),
('RI105', '15', '10', '抹茶高筒帆布鞋', '0000-00-00 00:00:00', '2020-04-28 16:44:05'),
('RI106', '12', '11', '限定抹茶立體超塑口罩', '0000-00-00 00:00:00', '2020-04-28 16:44:08'),
('RI107', '15', '12', '夏日編織半圓手拿包', '0000-00-00 00:00:00', '2020-04-28 16:44:11'),
('RI108', '15', '13', '可愛水桶包', '0000-00-00 00:00:00', '2020-04-28 16:44:14'),
('RI109', '15', '14', '質感皮革A字手提包', '0000-00-00 00:00:00', '2020-04-28 16:44:20'),
('RI110', '15', '15', '小眾皮革手提包', '0000-00-00 00:00:00', '2020-04-28 16:44:23'),
('RI111', '13', '16', '超百搭短袖棉T', '0000-00-00 00:00:00', '2020-04-28 16:44:26'),
('RI112', '13', '17', '質感V領長袖襯衫', '0000-00-00 00:00:00', '2020-04-28 16:44:30'),
('RI113', '14', '18', '休閒百搭寬褲', '0000-00-00 00:00:00', '2020-04-28 16:44:38'),
('RI114', '15', '19', '抹茶限量版鞋', '0000-00-00 00:00:00', '2020-04-28 16:44:45'),
('RI115', '13', '20', '花瓣短袖洋裝', '0000-00-00 00:00:00', '2020-04-28 16:44:49'),
('RI116', '15', '21', '秋冬小眾磨毛肩背包', '0000-00-00 00:00:00', '2020-04-28 16:44:57'),
('RI117', '15', '22', '大容量通勤肩背包', '0000-00-00 00:00:00', '2020-04-28 16:45:01'),
('RI118', '15', '23', '百搭舒適版鞋', '0000-00-00 00:00:00', '2020-04-28 16:45:05'),
('RI119', '13', '24', '不怕寒流長袖厚毛衣', '0000-00-00 00:00:00', '2020-04-28 16:45:09'),
('RI120', '13', '25', '氣質短袖襯衫', '0000-00-00 00:00:00', '2020-04-28 16:45:13'),
('RI121', '13', '26', '無袖排釦棉麻上衣', '0000-00-00 00:00:00', '2020-04-28 16:45:37'),
('RI122', '13', '27', '短袖知性棉麻衫', '0000-00-00 00:00:00', '2020-04-28 16:45:41'),
('RI123', '14', '28', '質感淺抹茶皮裙', '0000-00-00 00:00:00', '2020-04-28 16:45:44'),
('RI124', '13', '29', '中長版直筒大衣', '0000-00-00 00:00:00', '2020-04-28 16:45:47'),
('RI125', '13', '30', '小仙女澎澎裙', '0000-00-00 00:00:00', '2020-04-28 16:45:51'),
('RI126', '13', '31', '燈芯絨長袖外套', '0000-00-00 00:00:00', '2020-04-28 16:45:55'),
('RI127', '10', '32', '燈芯絨長袖襯衫', '0000-00-00 00:00:00', '2020-04-28 16:46:13'),
('RI128', '15', '33', '限量幸運結繩', '0000-00-00 00:00:00', '2020-04-28 16:46:18'),
('RI129', '13', '34', '夏日修長套裝', '0000-00-00 00:00:00', '2020-04-28 16:46:21'),
('RI130', '13', '35', '超特別版型襯衫', '0000-00-00 00:00:00', '2020-04-28 16:46:26'),
('RI131', '10', '36', '貼身短袖棉T', '0000-00-00 00:00:00', '2020-04-28 16:46:30'),
('RI132', '10', '37', '長袖內刷毛棉T', '0000-00-00 00:00:00', '2020-04-28 16:46:34'),
('RI133', '10', '38', '型男長袖襯衫', '0000-00-00 00:00:00', '2020-04-28 16:46:38'),
('RI134', '11', '39', '休閒棉麻寬褲', '0000-00-00 00:00:00', '2020-04-28 16:46:42'),
('RI135', '10', '40', '休閒型男夾克', '0000-00-00 00:00:00', '2020-04-28 16:47:01'),
('RI136', '13', '41', '側開岔長袖襯衫', '0000-00-00 00:00:00', '2020-04-28 16:47:05'),
('RI137', '14', '42', '氣質A字長裙', '0000-00-00 00:00:00', '2020-04-28 16:47:08'),
('RI138', '14', '43', '修身A字長裙', '0000-00-00 00:00:00', '2020-04-28 16:47:11'),
('RI139', '14', '44', '超可愛花瓣短裙', '0000-00-00 00:00:00', '2020-04-28 16:47:16'),
('RI140', '13', '45', '無袖綁帶點點上衣', '0000-00-00 00:00:00', '2020-04-28 16:47:20'),
('RI141', '13', '46', '排扣V領針織衫', '0000-00-00 00:00:00', '2020-04-28 16:47:23'),
('RI142', '14', '47', '顯瘦綁帶包臀短裙', '0000-00-00 00:00:00', '2020-04-28 16:47:28'),
('RI143', '14', '48', '燈芯絨修身長褲', '0000-00-00 00:00:00', '2020-04-28 16:47:31'),
('RI144', '15', '49', '大容量印字帆布袋', '0000-00-00 00:00:00', '2020-04-28 16:47:35'),
('RI145', '15', '50', '氣質短夾', '0000-00-00 00:00:00', '2020-04-28 16:47:38'),
('RI146', '15', '51', '休閒運動小背包', '0000-00-00 00:00:00', '2020-04-28 16:47:41'),
('RI147', '13', '52', '抹茶風可愛釣魚背芯', '0000-00-00 00:00:00', '2020-04-28 16:47:44'),
('RI148', '13', '53', '民族風棉麻長裙', '0000-00-00 00:00:00', '2020-04-28 16:47:48'),
('RI149', '10', '54', '率性防風長袖上衣', '0000-00-00 00:00:00', '2020-04-28 16:47:54'),
('RI150', '13', '55', '秋冬內刷毛保暖外套', '0000-00-00 00:00:00', '2020-04-28 16:47:58'),
('RI151', '13', '56', '燈芯絨可愛寬鬆襯衫', '0000-00-00 00:00:00', '2020-04-28 16:48:01'),
('RI152', '13', '57', '休閒長袖棉T', '0000-00-00 00:00:00', '2020-04-28 16:48:04'),
('RI153', '12', '58', '磨毛釣魚帽', '0000-00-00 00:00:00', '2020-04-28 16:48:07'),
('RI154', '12', '59', '帥氣軍雨靴', '0000-00-00 00:00:00', '2020-04-28 16:48:11'),
('RI155', '13', '60', '帥氣軍雨衣', '0000-00-00 00:00:00', '2020-04-28 16:48:15'),
('RI156', '12', '61', '超特別編織涼鞋', '0000-00-00 00:00:00', '2020-04-28 16:48:18'),
('RI157', '12', '62', '超大容量防水後背包', '0000-00-00 00:00:00', '2020-04-28 16:48:21'),
('RI158', '12', '63', '超大容量旅行後背包', '0000-00-00 00:00:00', '2020-04-28 16:48:36'),
('RI159', '13', '64', '修身格紋無袖長裙', '0000-00-00 00:00:00', '2020-04-28 16:48:40'),
('RI160', '13', '65', '超顯瘦格紋短袖長裙', '0000-00-00 00:00:00', '2020-04-28 16:48:44'),
('RI161', '25', '148', '茶色沙發', '0000-00-00 00:00:00', '2020-04-28 16:28:28'),
('RI162', '25', '149', '茶色沙發2', '0000-00-00 00:00:00', '2020-04-28 16:28:36'),
('RI163', '25', '157', '深抹茶沙發', '0000-00-00 00:00:00', '2020-04-28 16:50:27'),
('RI164', '25', '161', '茶色孩童帳篷', '0000-00-00 00:00:00', '2020-04-28 16:50:40'),
('RI165', '25', '4', '補丁感羔羊毛外套', '0000-00-00 00:00:00', '2020-04-28 16:50:47'),
('RI166', '25', '14', '質感皮革A字手提包', '0000-00-00 00:00:00', '2020-04-28 16:50:51'),
('RI167', '25', '15', '小眾皮革手提包', '0000-00-00 00:00:00', '2020-04-28 16:50:56'),
('RI168', '25', '23', '百搭舒適版鞋', '0000-00-00 00:00:00', '2020-04-28 16:50:59'),
('RI169', '25', '33', '限量幸運結繩', '0000-00-00 00:00:00', '2020-04-28 16:51:02'),
('RI170', '25', '34', '夏日修長套裝', '0000-00-00 00:00:00', '2020-04-28 16:51:06'),
('RI171', '25', '62', '超大容量防水後背包', '0000-00-00 00:00:00', '2020-04-28 16:51:09'),
('RI172', '25', '63', '超大容量旅行後背包', '0000-00-00 00:00:00', '2020-04-28 16:51:13');

-- --------------------------------------------------------

--
-- Table structure for table `shippers`
--

CREATE TABLE `shippers` (
  `shipperId` varchar(4) COLLATE utf8mb4_unicode_ci NOT NULL,
  `companyName` varchar(10) COLLATE utf8mb4_unicode_ci NOT NULL COMMENT '公司名稱',
  `nickName` varchar(5) COLLATE utf8mb4_unicode_ci NOT NULL COMMENT '訂單顯示名稱',
  `companyPhone` varchar(10) COLLATE utf8mb4_unicode_ci NOT NULL,
  `shipperType` varchar(10) COLLATE utf8mb4_unicode_ci NOT NULL COMMENT '運送類別',
  `created_at` datetime NOT NULL DEFAULT current_timestamp(),
  `updated_at` datetime NOT NULL DEFAULT current_timestamp() ON UPDATE current_timestamp()
) ENGINE=InnoDB DEFAULT CHARSET=utf8mb4 COLLATE=utf8mb4_unicode_ci;

--
-- Dumping data for table `shippers`
--

INSERT INTO `shippers` (`shipperId`, `companyName`, `nickName`, `companyPhone`, `shipperType`, `created_at`, `updated_at`) VALUES
('S001', '統一速達股份有限公司', '黑貓配送', '02-4128888', 'coldStor', '2020-04-23 20:42:43', '2020-04-23 21:05:50'),
('S002', '台灣宅配通', '宅配通配送', '0277415666', 'roomTemp', '2020-04-23 20:49:11', '2020-04-23 21:06:02');

-- --------------------------------------------------------

--
-- Table structure for table `story`
--

CREATE TABLE `story` (
  `id` int(11) NOT NULL,
  `cid` bigint(255) NOT NULL,
  `username` varchar(255) NOT NULL,
  `text` varchar(255) NOT NULL,
  `edited` tinyint(1) NOT NULL DEFAULT 0,
  `completed` tinyint(1) NOT NULL,
  `commentImg` longtext NOT NULL
) ENGINE=InnoDB DEFAULT CHARSET=utf8mb4;

--
-- Dumping data for table `story`
--

INSERT INTO `story` (`id`, `cid`, `username`, `text`, `edited`, `completed`, `commentImg`) VALUES
(1, 12, 'Liz', '＃一起來吃', 0, 0, 'cake1.jpg'),
(2, 1593404367824, '賈荔枝', '#teipei #cake #yum', 0, 0, 'cake3.jpg'),
(3, 1593404518071, '賈荔枝', '＠cindy一起去吃', 0, 1, 'cake2.jpg'),
(4, 1593404896916, '賈荔枝', '#comeCakeShop', 0, 1, 'cake4.jpg'),
(5, 1593587542578, '陳辛蒂', 'Angry Bird Good Good Fun!!', 0, 0, '8b1057c84528f284e6610d1a79d37c2f.png'),
(6, 1593587574072, '陳辛蒂', '猜你也想吃聖代!!', 0, 0, '87fa3cd23367fcfcb4367065f936419b5ea388b5.jpg'),
(9, 1593588097488, '蔡肯尼', '鄰居種的幸運草', 0, 0, 'E8CC0776-5764-4164-B4AD-6738EA53EDD9-1024x502.jpeg'),
(10, 1593588118400, '蔡肯尼', '壓力大', 0, 0, 'images.jpg'),
(11, 1593588341740, '王咪子', '今天這樣穿有沒有抹茶的感覺呢', 0, 0, 'garypepper.jpg'),
(12, 1593588493948, '王咪子', '上禮拜去吃早午餐也點了抹茶拿鐵唷~推推', 0, 0, '73e77d0d400688b7a31b1c97581ab7b913ac1dc4.jpg'),
(13, 1593588933995, '白琳達', '美好的午後with我最愛的抹茶🥰🥰🥰', 0, 0, '20191220024055_89.jpg'),
(14, 1593589440401, '白琳達', '在抹茶山吃抹茶蛋糕😆😆抹茶控正常發揮🥳', 0, 0, 'S__14237706.jpg'),
(15, 1593589792381, '沈湯瑪', '真d好吃~~', 0, 0, '抹茶冰淇淋.jpg'),
(16, 1593590032340, '沈湯瑪', '該走向大自然了吧', 0, 0, '山.jpg'),
(17, 1593590431353, '陳希', '今天踩到地雷\n噁心抹茶咖哩', 0, 0, 'ma.jpg'),
(18, 1593590561973, '陳希', '本人第一次自己做抹茶紅豆大福ㄛ!!!', 0, 0, 'da.jpg');

--
-- Indexes for dumped tables
--

--
-- Indexes for table `admin`
--
ALTER TABLE `admin`
  ADD PRIMARY KEY (`id`);

--
-- Indexes for table `category`
--
ALTER TABLE `category`
  ADD PRIMARY KEY (`categoryId`);

--
-- Indexes for table `comment`
--
ALTER TABLE `comment`
  ADD PRIMARY KEY (`cid`);

--
-- Indexes for table `course`
--
ALTER TABLE `course`
  ADD PRIMARY KEY (`courseId`);

--
-- Indexes for table `forget_password`
--
ALTER TABLE `forget_password`
  ADD PRIMARY KEY (`fId`);

--
-- Indexes for table `items`
--
ALTER TABLE `items`
  ADD PRIMARY KEY (`itemId`);

--
-- Indexes for table `item_tracking`
--
ALTER TABLE `item_tracking`
  ADD PRIMARY KEY (`id`);

--
-- Indexes for table `marketing`
--
ALTER TABLE `marketing`
  ADD PRIMARY KEY (`id`);

--
-- Indexes for table `member`
--
ALTER TABLE `member`
  ADD PRIMARY KEY (`id`);

--
-- Indexes for table `orders`
--
ALTER TABLE `orders`
  ADD PRIMARY KEY (`orderId`);

--
-- Indexes for table `order_lists`
--
ALTER TABLE `order_lists`
  ADD PRIMARY KEY (`orderListId`);

--
-- Indexes for table `order_payment`
--
ALTER TABLE `order_payment`
  ADD PRIMARY KEY (`orderPaymentId`);

--
-- Indexes for table `payment`
--
ALTER TABLE `payment`
  ADD PRIMARY KEY (`paymentId`);

--
-- Indexes for table `rel_coupon_member`
--
ALTER TABLE `rel_coupon_member`
  ADD PRIMARY KEY (`rel_coupon_member_id`);

--
-- Indexes for table `rel_course_cat`
--
ALTER TABLE `rel_course_cat`
  ADD PRIMARY KEY (`relCourseId`);

--
-- Indexes for table `rel_item_cat`
--
ALTER TABLE `rel_item_cat`
  ADD PRIMARY KEY (`relItemId`);

--
-- Indexes for table `shippers`
--
ALTER TABLE `shippers`
  ADD PRIMARY KEY (`shipperId`);

--
-- Indexes for table `story`
--
ALTER TABLE `story`
  ADD PRIMARY KEY (`id`);

--
-- AUTO_INCREMENT for dumped tables
--

--
-- AUTO_INCREMENT for table `category`
--
ALTER TABLE `category`
  MODIFY `categoryId` int(7) NOT NULL AUTO_INCREMENT, AUTO_INCREMENT=33;

--
-- AUTO_INCREMENT for table `comment`
--
ALTER TABLE `comment`
  MODIFY `cid` int(11) NOT NULL AUTO_INCREMENT, AUTO_INCREMENT=97;

--
-- AUTO_INCREMENT for table `course`
--
ALTER TABLE `course`
  MODIFY `courseId` int(10) NOT NULL AUTO_INCREMENT, AUTO_INCREMENT=17;

--
-- AUTO_INCREMENT for table `forget_password`
--
ALTER TABLE `forget_password`
  MODIFY `fId` int(30) NOT NULL AUTO_INCREMENT, AUTO_INCREMENT=12;

--
-- AUTO_INCREMENT for table `items`
--
ALTER TABLE `items`
  MODIFY `itemId` int(5) NOT NULL AUTO_INCREMENT, AUTO_INCREMENT=169;

--
-- AUTO_INCREMENT for table `item_tracking`
--
ALTER TABLE `item_tracking`
  MODIFY `id` int(11) NOT NULL AUTO_INCREMENT COMMENT '流水號', AUTO_INCREMENT=113;

--
-- AUTO_INCREMENT for table `marketing`
--
ALTER TABLE `marketing`
  MODIFY `id` int(7) NOT NULL AUTO_INCREMENT, AUTO_INCREMENT=24;

--
-- AUTO_INCREMENT for table `member`
--
ALTER TABLE `member`
  MODIFY `id` int(11) NOT NULL AUTO_INCREMENT COMMENT '流水號', AUTO_INCREMENT=32;

--
-- AUTO_INCREMENT for table `orders`
--
ALTER TABLE `orders`
  MODIFY `orderId` int(5) NOT NULL AUTO_INCREMENT COMMENT '訂單編號', AUTO_INCREMENT=165;

--
-- AUTO_INCREMENT for table `order_lists`
--
ALTER TABLE `order_lists`
  MODIFY `orderListId` int(10) NOT NULL AUTO_INCREMENT COMMENT '明細編碼', AUTO_INCREMENT=290;

--
-- AUTO_INCREMENT for table `order_payment`
--
ALTER TABLE `order_payment`
  MODIFY `orderPaymentId` int(7) NOT NULL AUTO_INCREMENT, AUTO_INCREMENT=99;

--
-- AUTO_INCREMENT for table `rel_coupon_member`
--
ALTER TABLE `rel_coupon_member`
  MODIFY `rel_coupon_member_id` int(100) NOT NULL AUTO_INCREMENT COMMENT '流水號', AUTO_INCREMENT=36;

--
-- AUTO_INCREMENT for table `story`
--
ALTER TABLE `story`
  MODIFY `id` int(11) NOT NULL AUTO_INCREMENT, AUTO_INCREMENT=19;
COMMIT;

/*!40101 SET CHARACTER_SET_CLIENT=@OLD_CHARACTER_SET_CLIENT */;
/*!40101 SET CHARACTER_SET_RESULTS=@OLD_CHARACTER_SET_RESULTS */;
/*!40101 SET COLLATION_CONNECTION=@OLD_COLLATION_CONNECTION */;
